Character name;Japanese text;English text
<PLAYER_NAME>;『俺の名前は<PLAYER_NAME><PLAYER_SURNAME>。ここ、私立きらめき高校の新入生だ。;My name is PLAYER, and I'm a freshman at Kirameki Private High School.
<PLAYER_NAME>;『無理だと思つていた第―志望だつたが、運良く合格することができた。;It was my first choice and I thought it would be impossible, but luckily I was accepted.
<PLAYER_NAME>;『最高の気分だぜ。密かに想つている、藤崎詩織と同じ学校に入学できたんだから。;I feel great. I got to go to the same school as Shiori Fujisaki, the girl I secretly have a crush on.
<PLAYER_NAME>;『実は⋯。彼女とは小学校からの幼なじみで、家も隣りどうしなんだけれど⋯;Actually... I've been friends with her since elementary school, and we live next door to each other...
<PLAYER_NAME>;『俺と比べて、月とスッポン。だから、いまだに友達以上の関係には⋯。;Compared to me, he's like the moon and the turtle. So, we're still not more than friends...
Yoshio;「よう。何しけた面してんだよ。;Hey. What's with that sad look on your face?
<PLAYER_NAME>;『あ、あぁ⋯。別に⋯。（なれなれしい奴だなぁ⋯。）;"""Oh, yeah... nothing special... (He's really familiar...)"
Yoshio;「俺、早乙女好雄。これからよろしくな。お前は何ていうんだ？;I'm Saotome Yoshio. Nice to meet you. What do you call yourself?
<PLAYER_NAME>;『俺は、<PLAYER_NAME><PLAYER_SURNAME>。こつちこそよろしくな。;I'm a PLAYER. Nice to meet you too.
Girl A;「あつ、来たわよ。;Ah, here it comes.
Girl B;「素敵～。;So nice.
Yoshio;「何だ？急に女子が騒ぎだしたぞ。;What's going on? The girls suddenly started making a fuss.
Ijuin;「やあ、諸君。待たせたね。;Hey guys, sorry to keep you waiting.
Ijuin;「この僕の事を知らない者はいないと思うが⋯。僕が理事長の孫の伊集院レイだ。;I'm sure there is no one who doesn't know about me... I'm Rei Ijuin, the chairman's grandson.
Ijuin;「同じクラスの男性諸君には悪いが⋯。ま、仲良くやつていこうじゃないか。;I feel bad for the guys in my class, but... well, let's just get along.
Yoshio;「伊集院つて、あの金持ちのか⋯。嫌なクラスになつちまつたなぁ。;Ijuin, that rich guy... I guess I've ended up in a bad class.
<PLAYER_NAME>;『そ、そうだな⋯。;Um, that's true...
<PLAYER_NAME>;（あつ、次は詩織の、自己紹介みたいだ。）;(Atsushi, it looks like Shiori will be introducing herself next.)
Fujisaki;「みなさんはじめまして。名前は藤崎詩織です。;Nice to meet you all. My name is Shiori Fujisaki.
Fujisaki;「趣味は音楽鑑賞で、クラシックとかを良く聴きます。みなさんこれから、よろしくお願いします。;My hobby is listening to music, and I often listen to classical music. I look forward to working with you all.
Yoshio;「か、かわいいー。藤崎詩織ちゃんか⋯。このクラスでよかつたぜ。;So cute! Shiori Fujisaki... I'm glad she's in this class.
<PLAYER_NAME>;（さつきは、嫌だつて言つてたくせに⋯。）;(Even though Satsuki said she didn't want to...)
Yoshio;「あつ、今、お前の事見たぜ。あの娘知つてるのか？;Ah, I just saw you. Do you know that girl?
<PLAYER_NAME>;『知つてるも何も、俺の幼なじみだよ。;I don't know him well, he's my childhood friend.
Yoshio;「へぇ、そうなのか⋯。じゃあ、彼女の誕生日は？;Oh, really? Then when is her birthday?
<PLAYER_NAME>;『９月１１日。;September 11th.
Yoshio;「血液型は？;What's your blood type?
<PLAYER_NAME>;『Ｂ型。;Blood type B.
Yoshio;「趣味は？;Hobby?
<PLAYER_NAME>;『音楽鑑賞つて、言つてたじゃないか。;You said you listened to music.
Yoshio;「あつ、そうか。スリーサイズは？;Ah, I see. What are your measurements?
<PLAYER_NAME>;『そんなの知るかよ。;Who cares about that?
Yoshio;「よし、チェックだ。チェック。;Okay, check. Check.
<PLAYER_NAME>;『お、お前⋯。そのメモ帳、女の子の事ばつかりじゃないか⋯。;Hey, you... That notepad is full of stuff about girls...
Yoshio;「ま、女の子の事で、知りたいことがあつたら、俺に連絡しな。力になるぜ。;Well, if there's anything you want to know about girls, contact me. I'll help you.
<PLAYER_NAME>;『そ、そうか⋯。ありがとう。;I see... Thank you.
Yoshio;「それよりも。お前、この高校の伝説知つてるか？;More importantly, do you know the legend of this high school?
<PLAYER_NAME>;『伝説？何それ？;Legend? What's that?
Yoshio;「ほら、そこの窓から、でつかい木が見えるだろ。;Look, you can see the wooden beams from that window.
<PLAYER_NAME>;『ん？あぁ。;Hmm? Ah.
Yoshio;「あの木の下で、女の子に告白されると、永遠に幸せな関係になれるんだつてよ。;They say that if a girl confesses her love to you under that tree, you'll be in a happy relationship forever.
<PLAYER_NAME>;『へぇ、そんな伝説があるのか⋯。;Wow, there's such a legend...
Yoshio;「誰が言つたかしらねぇが、うらやましい話だな。;I don't know who said it, but it's an enviable story.
<PLAYER_NAME>;『伝説か⋯。そうだな、俺なら⋯;A legend... Well, I guess...
<PLAYER_NAME>;『こうして、不安と期待の高校生活が始まつた⋯。;Thus began my high school life, full of anxiety and anticipation...
<PLAYER_NAME>;（明日から何をしようかな？）;"""What should I do from tomorrow onwards?"""
<PLAYER_NAME>;（今日は何をしようかな？）;"""What should I do today?"""
Join;する部活を選択してください;Please select a club activity to do.
<PLAYER_NAME>;『本当に嫌なやつ⋯。;"""Really hateful guy..."""
Fujisaki;「あつ、<PLAYER_SURNAME>君。あなたも招待されてたのね。;Oh, YER-kun. You were invited too, huh?
<PLAYER_NAME>;『詩織もいたのか。;Was Shiori there too?
none;しばらく詩織と話し込んだ;I talked with Shiori for a while.
<PLAYER_NAME>;（誰に電話かけようかな？）;(Who should I call, I wonder?)
none;システム設定を変更します;"""I will change the system settings."""
none;今月／来月の予定と実績;This month/Next month's schedule and actual performance
<PLAYER_NAME>;（ああ、読書は楽しいなあ。なんて、俺つて勉強家なんだろう。）;(Ah, reading is so enjoyable. How studious I am.)
February;「あの⋯。;"That means ""Um...""."
February;「ハンカチが落ちてますよ。;Your handkerchief has fallen.
<PLAYER_NAME>;『え⋯。あ、ありがとう。いつの間に落ちたんだろう。;Oh... Ah, thank you. I wonder when it fell.
February;「クスッ⋯。随分、熱心に読んでいたのですね。;Heh... You were really engrossed in reading, weren't you?
<PLAYER_NAME>;『ほら、僕つて好きなことに熱中するタイプだから。ははは⋯。;You see, I'm the type who gets really into things I like. Hahaha...
February;「私も本を読みだすと、すぐ熱中してしまうんですよ。;"""When I start reading a book, I get absorbed in it right away."""
<PLAYER_NAME>;『へー、そうなんだ。;Oh, really?
February;「あつ、もう行かなきゃ。;Oh, I have to go now.
<PLAYER_NAME>;『あ、俺⋯。<PLAYER_NAME><PLAYER_SURNAME>つていいます。ハンカチありがとう。;Ah, I... My name is PLAYER. Thank you for the handkerchief.
February;「どういたしまして⋯。私、如月未緒といいます。また、今度お話しましょう。;You're welcome... My name is Kisaragi Mio. Let's talk again sometime.
<PLAYER_NAME>;『如月未緒さんか⋯。結構、可愛かつたな。;Miss Mio Kisaragi, huh... She was quite cute.
<PLAYER_NAME>;（放課後だ。あー眠いなぁ。）;(It's after school. Ah, I'm sleepy.)
Schoolgirl;「あつ、ごめんなさい。;Oh, sorry.
<PLAYER_NAME>;『いや、いい⋯。;No, it's fine...
Schoolgirl;「あー、映画に遅れるぅ。;Ah, I'm going to be late for the movie.
<PLAYER_NAME>;『何;"""What"""
<PLAYER_NAME>;『何だろ、今の娘？;"""What was that, just now, with that girl?"""
<PLAYER_NAME>;『今日は体育祭だ。どの競技に参加しようかな？;Today is the sports festival. Which event should I participate in?
<PLAYER_NAME>;（明日からテストだ）;(Tomorrow is the start of exams)
<PLAYER_NAME>;（今日は、試験結果の発表の日だ。）;(Today is the day the test results are announced.)
<PLAYER_NAME>;（今回の試験は終了した。）;"""This exam has concluded."""
<PLAYER_NAME>;（明日から夏休みだ）;Tomorrow marks the start of summer vacation.
none;ぷるるる;"The sound ""ぷるるる"" is an onomatopoeic word in Japanese, which mimics the sound of a phone ringing or vibrating. In English, it can be translated as ""brrring"" or ""vrrring"" for a phone ringtone or vibration sound."
none;ぷるるるるる;"""ぷるるるるる"" can be seen as an onomatopoeic or mimetic word in Japanese, representing a vibrating or ringing sound, much like a phone ringing. However, without additional context, it's difficult to provide a precise translation."
<PLAYER_NAME>;『あつ、電話だ。珍しいな⋯。;Ah, a phone call. How unusual...
none;ガチャ;*Gacha!*
<PLAYER_NAME>;『はい、<PLAYER_NAME>です。;Yes, it's PLA.
Yoshio;「あつ、好雄だけど。今暇か？;"Yes, I can help with that. The Japanese sentence translates to: ""It's Atsu, Yoshihiro. Are you free now?"""
<PLAYER_NAME>;『何だ、好雄か⋯。あぁ、暇だよ。;"""What is it, Yoshio...? Ah, I'm bored."""
Yoshio;「それじゃあさ、今から遊園地に来てくれよ。;Sure, come to the amusement park with me now.
<PLAYER_NAME>;『何で俺がお前なんかと遊園地に行かなきゃならないんだ？;Why do I have to go to an amusement park with someone like you?
Yoshio;「まあ、いいじゃないか。待つてるからな。;"""Well, it's fine, isn't it? I'll be waiting."""
<PLAYER_NAME>;『何て、強引な奴だ。しょうがない、行つてやるか。;"""What a pushy guy. Can't be helped, I guess I'll go."""
<PLAYER_NAME>;『はぁ⋯。やつと着いたよ。さあ、中に入るか。;Sigh... Finally arrived. Now, let's go inside.
Yoshio;「お、やつと来たな。;Ah, you've finally come.
none;『好雄、お前なぁ、こんな所まで呼んで⋯。あれ？詩織に如月さん。;Yoshio, calling me all the way out here, huh... Huh? That's Shiori and Kisaragi-san.
Fujisaki;「こんにちは。;Hello.
February;「こんにちは。<PLAYER_NAME>さん。;こんにちは！どのようにお手伝いしましょうか？
Yoshio;「来て、良かつただろう？感謝しろよ。;"""Are you glad you came? Be grateful."""
Yoshio;「それじゃ、大観覧車に乗ろうぜ。;Alright, let's go on the Ferris wheel.
Yoshio;「お前、どつちの娘と乗る？;"""You, which girl are you going to ride with?"""
February;「私、大好きなんです。;"""I love you very much."""
February;「すごくいい眺めでしたね。;It was a really nice view, wasn't it?
Yoshio;「次は、ジェットコースターに乗ろうぜ。;Let's go on the roller coaster next.
February;「私、ちょつと苦手なんです⋯。;I'm not very good at it...
February;「やつぱり怖かつたです。;"""It really was scary."""
Yoshio;「次は、ゴーストハウスに入ろうぜ。;Let's go into the haunted house next.
February;「ちょつと怖いですね。;"""It's a little scary, isn't it?"""
Yoshio;「もう、終わりか⋯？さて、帰るか。;Is it already over? Well then, shall I go home?
Fujisaki;「今日は、楽しかつたわ。それじゃ二人ともさよなら。;Today was fun. Well then, goodbye to the both of you.
February;「今日は、楽しかつたですね。それでは、失礼します。;Today was fun, wasn't it? Well then, excuse me.
<PLAYER_NAME>;『そ;"""So"""
<PLAYER_NAME>;『そろそろ、俺達も帰ろうぜ。;Let's head back soon, too.
Yoshio;「それじゃ、帰るか。;"""Then, shall we go home?"""
<PLAYER_NAME>;（明日から新学期だ）;(Tomorrow is the start of a new school term.)
none;Ｔｒｒｒｒ⋯;Trrr...
Yoshio;「ハイ、早乙女です。;Hi, I'm Saotome.
<PLAYER_NAME>;『もしもし、<PLAYER_NAME>ですけど。;Hello, this is PLA speaking.
Yoshio;「おつ、<PLAYER_SURNAME>か。良くかけて来てくれたな。;Hey, is it YER? Good of you to call.
<PLAYER_NAME>;『女の子の事なら任せておけつて、言つてたよな⋯。;"""He said, 'Leave matters concerning the girl to me...'."""
Yoshio;「もちろん。何について聞きたいんだ？;"""Of course. What do you want to ask about?"""
<PLAYER_NAME>;『女の子達が、俺をどう思つてるか知りたいんだ。;The girls want to know what I think about them.
Yoshio;「評価か⋯。ちょつと待つてくれよ。;Evaluation, huh... Wait a moment for me.
Yoshio;「女の子の、お前に対する評価は⋯。;The girl's evaluation of you is...
Yoshio;「こんなとこだな。;"""This is the place."""
<PLAYER_NAME>;（女の子の情報でも聞いてみようかな）;"""Maybe I'll try asking for information on the girl."""
<PLAYER_NAME>;『如月さんのことについて知りたいんだけど。;"""I want to know about Mr./Ms. Kisaragi."""
Yoshio;「あぁ、いいぜ。ちょつと待つてくれよ。;Sure, just wait a little.
Yoshio;「如月、如月‥‥と。;"""Kisaragi, Kisaragi..."""
Yoshio;「あつたあつた。耳かつぽじつてよく聞けよ。;It's hot, it's hot. Cover your ears and listen well.
Yoshio;「つて、とこだな。;"""That's a good point."""
<PLAYER_NAME>;『サンキュー。いつも悪いな。;"""Thank you. I always feel bad."""
Yoshio;「なーに、いいつてことよ。女の子の情報なら俺に任せてくれよ。;"""What are you talking about? Leave it to me if it's information about girls."""
<PLAYER_NAME>;（放課後だ。今日も疲れたなぁ。）;(It's after school. I'm tired today, too.)
Schoolgirl;「あつ、ごめん⋯。;Oh, sorry...
<PLAYER_NAME>;『また、君か⋯。;Again, it's you...
Schoolgirl;「あー、コンサートに間に合わないよぉ。;Ah, I'm not going to make it to the concert on time.
<PLAYER_NAME>;『何だよ、あの娘、２度も⋯。;"""What's with that girl, doing it twice..."""
<PLAYER_NAME>;（美術館ができたのか。）;(Did they make an art museum?)
<PLAYER_NAME>;『あつ、今日は詩織の誕生日じゃないか。;Ah, today is Shiori's birthday, isn't it?
<PLAYER_NAME>;（プレゼントとか、どうしようかな？）;"""What should I do about a gift, I wonder?"""
<PLAYER_NAME>;（プレゼントをすることはないな。）;"""I don't give presents."""
<PLAYER_NAME>;（放課後だ。なんか嫌な予感。）;(It's after school. I've got a bad feeling about this.)
<PLAYER_NAME>;『いいかげんに⋯。;Take it easy...
Schoolgirl;「あー、約束の時間に間に合わないよぉ。;Ah, I'm not going to make it in time for the appointment.
<PLAYER_NAME>;『―;It appears you've sent a horizontal bar (―). Could you provide more context or specify the text you'd like translated from Japanese to English?
<PLAYER_NAME>;『―体、なんなんだよ！新手の当たり屋か？;"""What's with your body! What, are you some kind of new scam artist?"""
none;「入部する部活を選択してください;Please choose the club you want to join.
none;「文芸部に入部した。;I joined the Literature Club.
February;「あつ、<PLAYER_NAME>さん;"""Hot, PLA-san"""
February;「あつ、<PLAYER_NAME>さんこの部に入部したんですね？;Oh, PLA-san, you've joined this club?
<PLAYER_NAME>;『如月さん、これからよろしく。;Kisaragi-san, please take care of me from now on.
February;「こちらこそ。よろしくお願いします。;"""It's my pleasure. Thank you in advance."""
<PLAYER_NAME>;（今週は、バッチリ、予定どおりだぜ。;This week, everything is going perfectly as planned.
February;「本を読んでる姿が、さまになつてて、素敵です;"The sight of you reading a book looks great on you; it's wonderful."
<PLAYER_NAME>;『あ、ありがとう。;Ah, thank you.
<PLAYER_NAME>;（よし、ますますやる気が出てきたぞ。）;(Alright, I'm getting more and more motivated.)
<PLAYER_NAME>;（おや？留守番電話に、メッセージが入つているみたいだ。聞いてみるか。）;(Oh? It seems there is a message on the answering machine. Shall I listen to it?)
Manager;「明日から文化祭の準備をする。クラブに参加するように！;Starting tomorrow, we'll begin preparations for the cultural festival. Make sure to participate in the club!
<PLAYER_NAME>;（文化祭の出展の準備をしなきゃ。）;(I have to prepare for the cultural festival exhibition.)
<PLAYER_NAME>;（文化祭に向けて部活をせねば）;"""We need to do club activities for the cultural festival."""
<PLAYER_NAME>;『今日は、文化祭だ。;Today is the cultural festival.
<PLAYER_NAME>;『文芸部は、詩集の展示だ。早く、準備しなきゃ。;The literature club is having a poetry collection exhibit. We need to prepare quickly.
February;「あつ、おはようございます。<PLAYER_NAME>さん。;こんにちは、おはようございます。どのようにお手伝いしましょうか？
<PLAYER_NAME>;『ごめんね。ちょつと、寝過ごしちゃつて⋯。;Sorry. I overslept a bit...
February;「もう少しで、開場ですから、準備を済ませましょう。;Let's finish our preparations as the venue is about to open soon.
<PLAYER_NAME>;『後は、俺がやるから、如月さんは、休んでいてよ。;"""You can rest now, Kisaragi-san. I'll take care of the rest."""
February;「ありがとうございます。でも、―緒にやつたほうが早いですから⋯。;Thank you. But, it would be faster if we did it together...
<PLAYER_NAME>;『そ、そう？ありがとう。;Yes, really? Thank you.
February;「今日は、頑張りましょうね。;"""Let's do our best today."""
<PLAYER_NAME>;（と;"""And"""
<PLAYER_NAME>;（と、言う訳で今年の展示が終つた。）;(And so, this year's exhibition has come to an end.)
February;「お客さん⋯。あんまり、来ませんでしたね⋯。;The customer... They didn't really come, did they...
<PLAYER_NAME>;『地味だしなぁ⋯。みんな、こういうの興味ないんだろうな。;It's plain, huh... I guess everyone's not interested in this kind of thing.
February;「来年は⋯、もつとお客さんを呼べる、研究をしたいですね。;Next year, I want to do research on how to attract more customers.
<PLAYER_NAME>;『そうだね。来年こそ、頑張ろう。;Yeah, let's do our best next year.
<PLAYER_NAME>;（こうして、文化祭は、終了した。）;(Thus, the cultural festival came to an end.)
February;「今日見せてもらつた詩、素敵でしたね。;The poem you showed me today was lovely, wasn't it?
<PLAYER_NAME>;『ありがとう。嬉しいよ。;Thank you. I'm happy.
<PLAYER_NAME>;（あー、今日も疲れたな。急いで、家に帰ろう。）;(Ah, I'm tired today as well. I’ll hurry and go home.)
<PLAYER_NAME>;（あつ、詩織がいるぞ。）;(Ah, Shiori is here.)
<PLAYER_NAME>;『おーい、詩織。;Hey, Shiori.
Fujisaki;「あつ、<PLAYER_SURNAME>君。今帰り？;Oh, YER-kun. Are you on your way home now?
Fujisaki;「さよなら。;Goodbye.
Fujisaki;「―緒に帰つて、友達に噂とかされると、恥ずかしいし⋯。;"""Going home together and then being rumored about by friends is embarrassing..."""
<PLAYER_NAME>;『そ、そうだね。それじゃあ、お先に。;Yeah, that's right. Well then, I'll be going ahead.
Fujisaki;「ごめんね。さよなら。;I'm sorry. Goodbye.
<PLAYER_NAME>;（しょうがない。―人で帰るか。）;"""It can't be helped. Guess I'll go home alone."""
<PLAYER_NAME>;（今日は伊集院の家で、クリスマスパーティだ。会場に行こうかな）;(Today, there's a Christmas party at Ijuin's house. I wonder if I should go to the venue.)
<PLAYER_NAME>;『伊集院の家に着いたぞ。いつ見てもでけぇなぁ。;I've arrived at the Ijuin house. It always looks so huge, no matter when you see it.
Black Suit;「レイ様のお友達で、いらつしゃいますか？;"""Are you a friend of Lord Rei?"""
<PLAYER_NAME>;『友達かどうかは知らないけどクラスメートだよ。;"""I don't know if we're friends, but we're classmates."""
none;「申し訳ございませんが、その様なお召し物では少々、ご遠慮していただいております。;I'm sorry, but we kindly ask that you refrain from wearing such attire.
Black Suit;「申し訳ございませんが、その様なお召し物では少々、ご遠慮していただいております。;"""I am sorry, but we kindly ask that you refrain from wearing such attire."""
<PLAYER_NAME>;『えつ、そうなの？;Yes, is that so?
Black Suit;「はい。厳しく言いつかつておりますので。;Yes. I've been told very strictly.
<PLAYER_NAME>;『‥‥‥‥。（しょうがない帰るか‥。）;""".... (I guess I have no choice but to go home...)"""
<PLAYER_NAME>;（ふぅ、家に着いたぞ。）;(Phew, I've arrived home.)
<PLAYER_NAME>;（仕方ない、今年は―人でクリスマスを祝うか。）;"""(Can't be helped, it looks like I'll be celebrating Christmas alone this year.)"""
<PLAYER_NAME>;『メリークリスマス！！あぁ、楽しいなぁ。;Merry Christmas!! Ah, this is so fun.
<PLAYER_NAME>;．．;It looks like you've posted a couple of dots. Is there something specific in Japanese you would like to translate into English?
<PLAYER_NAME>;．．．;"It seems you've entered ""．．．"" which is a series of dots (punctuation marks) used in Japanese text. This is often used to indicate a pause, silence, or trailing off of speech, similar to an ellipsis (...) in English. Do you have a specific sentence or text in Japanese that you need help translating into English?"
<PLAYER_NAME>;『うぅ、来年こそは楽しいクリスマスを過ごすぞ。;Sigh, next year for sure, I'm going to have a fun Christmas.
Mikihara;「あ、あの⋯。;Ah, um...
<PLAYER_NAME>;『は;"""は"" in Japanese can serve multiple purposes depending on the context. One common use is as a topic marker particle, pronounced as ""wa"" in this case. It's used to indicate the topic of a sentence. For example, ""私は学生です"" means ""I am a student,"" where ""は"" (wa) marks ""私"" (I) as the topic of the sentence.

If ""は"" is used by itself, it might simply mean ""is"" or ""am"" in the context of a sentence structure, but without more context, it's hard to translate precisely. Would you like to provide more context or have a different question in mind?"
<PLAYER_NAME>;『はい、何でしょう？;Yes, what is it?
Mikihara;「わ、私、美樹原愛と言います⋯。;Oh, I'm Miki Hara Ai...
<PLAYER_NAME>;『はぁ？俺は<PLAYER_NAME><PLAYER_SURNAME>。;Huh? I am a PLAYER.
Mikihara;「し、知つてます。;Yes, I know.
<PLAYER_NAME>;『えつ、なんか言つた？;"""えっ、なんか言った？"" translates to ""Huh, did you say something?"" in English."
Mikihara;「いえ、あの⋯。パーティーで渡そうと思つて⋯。ど、どうぞ⋯。;No, umm... I was thinking of giving it to you at the party... P-Please, go ahead...
<PLAYER_NAME>;『えつ、ありがとう。それじゃ、俺も⋯。これをどうぞ。;"""Well then, thank you. In that case, I'll also... Please take this."""
Mikihara;「えつ、私にですか⋯。あ、ありがとうございます⋯。;Ah, for me...? Oh, thank you...
<PLAYER_NAME>;『いいよ。どうせ、パーティーには出られないんだから。;Sure. I won't be able to go to the party anyway.
Mikihara;「あの⋯。‥‥‥‥‥。失礼します⋯。;Um... Excuse me...
<PLAYER_NAME>;『あ;"""A"""
<PLAYER_NAME>;『あつ、美樹原さん。もつと、お話を⋯。行つちゃつたよ。;Ah, Mikihara-san. I wanted to talk more... He/she has already left.
<PLAYER_NAME>;（美樹原さんか⋯。どうして、俺なんかにプレゼントくれるんだ？）;"(Mikihara-san ka... Doushite, ore nanka ni present kureru n' da?) 

(Mikihara-san, huh... Why would you give a present to someone like me?)"
<PLAYER_NAME>;（明日から冬休みだ）;(Tomorrow starts the winter break.)
none;「ピ～ンポ～ン;Ping-pong
<PLAYER_NAME>;（ん？誰だろう）;(Who could it be?)
ￌDelivery;「年賀状でーす。;Here's a New Year's card.
<PLAYER_NAME>;（やつた！如月さんから、年賀状をもらつたラッキー。;I got it! I'm so lucky, I received a New Year's card from Kisaragi-san.
<PLAYER_NAME>;『さて、これからどうするかな。;Well, what should we do from now?
<PLAYER_NAME>;『それじゃあ、誰を誘おうかな。;So, who should I invite?
<PLAYER_NAME>;『よし、それじゃあ如月さんの家に電話してみるか。;Alright, then let's try calling Kisaragi-san's house.
none;プルルル;"""プルルル"" is the sound of a telephone ringing in Japanese, often used in manga or other forms of media to represent the noise. In English, this onomatopoeia would be equivalent to ""Ring ring""."
February;「はい、如月です。;Yes, it's Kisaragi.
<PLAYER_NAME>;『新年明けまして、おめでとうございます。<PLAYER_NAME>ですけれども。;Happy New Year. I am PLA.
February;「<PLAYER_NAME>君。新年明けまして、おめでとうございます。;Happy New Year, PLA-kun.
<PLAYER_NAME>;『ところで、如月さん。今、暇かな？;By the way, Kisaragi-san. Are you free now?
February;「はい、暇ですよ。;Yes, I am free.
<PLAYER_NAME>;『それじゃあ、これから初詣に行かない？;So, shall we go to the first shrine visit of the New Year now?
February;「いいですね。行きましょう。;That's good. Let's go.
<PLAYER_NAME>;『それじゃ、神社の前で待ち合わせでいいかな？;Sure, shall we meet in front of the shrine then?
February;「はい、いいですよ。それでは、神社の前で⋯。;Yes, that's fine. Then, in front of the shrine...
<PLAYER_NAME>;『それじゃ。;Goodbye then.
<PLAYER_NAME>;『それじゃ、神社に行くか。;Then, shall we go to the shrine?
<PLAYER_NAME>;『まだ、如月さんは来てないみたいだな。;It seems like Kisaragi-san hasn't arrived yet.
February;「すいません。お待たせしました。;I'm sorry to have kept you waiting.
<PLAYER_NAME>;『それじゃあ、早速お参りに行こうか。;Let's go to the shrine without further delay.
February;「そうですね。それでは、行きましょう。;Yes, indeed. Then, let's go.
<PLAYER_NAME>;（何;"""What"""
<PLAYER_NAME>;（何をお願いしようかな。）;(What should I ask for?)
<PLAYER_NAME>;（誰との事を祈願しようかな。）;(Who should I pray for, I wonder.)
<PLAYER_NAME>;（神様、何とぞ如月さんと今以上に仲良くなれますように。）;"""God, please let me become even closer to Kisaragi-san than I am now."""
God;（その願い、かなえてしんぜよう。）;"""Let's grant that wish."""
<PLAYER_NAME>;（ん？その気になつてきたぞ。）;(Hmm? I'm starting to feel attached to it.)
February;「何を、お願いしたのですか？;"""What did you ask for?"""
<PLAYER_NAME>;『ひ、秘密だよ。如月さんは？;It's a secret. And Mr./Ms. Kisaragi?
February;「それなら、私だつて秘密です。;Then, it's a secret to me as well.
<PLAYER_NAME>;『そ、そう。あつ、おみくじでも引かない？;Yeah, right. Then, why don't we draw a fortune?
February;「そうですね。;"""Yes, that's right."""
<PLAYER_NAME>;（さ;"That character is ""sa"" in Japanese."
<PLAYER_NAME>;（さて、今年の運勢は⋯。）;(Well, this year's fortune is...)
none;おみくじを引きます。;I will draw a fortune slip.
none;うおりゃあああ～．．．;"""Uoryaaaah..."""
none;こ、;"""Ko,""

When translating single characters or fragments, the context is very important to provide a meaningful translation. ""こ"" is a Japanese Hiragana character and by itself can mean ""here,"" or it could be part of a larger word."
none;こ、これは！！;This, this is!!
none;ラッキー！大吉だ！！;Lucky! It's great fortune!!
<PLAYER_NAME>;（やつた、今;"""Yatta, ima"" can be translated to ""I did it, now"" or ""We did it, now,"" depending on the context. ""やった"" (yatta) is a past tense form of ""to do"" which is often used to express that someone has accomplished something or succeeded. ""今"" (ima) translates to ""now."""
<PLAYER_NAME>;（やつた、今年はいい事ありそうな気がするぜ。）;It feels like this year is going to be a good one.
February;「どうでした？;"""How was it?"""
<PLAYER_NAME>;『はい、見ていいよ。;Yes, you can look.
February;「本当ですか？私も大吉なんですよ。;Is that true? I'm also very lucky.
<PLAYER_NAME>;『そうなの？もしかしたら、大吉しかないのかもね。;Is that so? Maybe it's only great luck after all.
February;「ふふ、そうかもしれませんね。;"""Hehe, that might be the case."""
February;「今年もいい年になりますように、お互い頑張りましょう。;Let's both do our best for this year to be a good one as well.
<PLAYER_NAME>;『そうだね。それじゃあ、帰ろうか？;Yeah, that's right. So, shall we go home then?
February;「そうですね。帰りましょう。;That's right. Let's go home.
<PLAYER_NAME>;（水族館があるのか。そういえば、システムファイルを作るとアルバムのデータ管理が楽になるらしいぞ）;"""There is an aquarium, huh? Come to think of it, I heard that creating system files makes it easier to manage album data."""
<PLAYER_NAME>;システムファイルを作るとアルバムのデータ管理が楽になるらしいぞ）;"""It seems that creating system files makes managing album data easier."""
Saotome;「ハイ、早乙女です。;Hi, I'm Saotome.
<PLAYER_NAME>;『好雄君は、いらつしゃいますか？;Does Kou-kun, come in?
Saotome;「あつ、お兄ちゃんですね。ちょつと待つてて下さい。おにーちゃーん、電話ー！;Oh, it's big brother, isn't it? Please wait a moment. Big brother, you have a phone call!
Yoshio;「なんだ、<PLAYER_NAME>か。;"""What, PLA?"""
<PLAYER_NAME>;『何だその残念そうな声は。俺からじゃ不満か？;"""What's with that disappointed-sounding voice? Are you dissatisfied because it's from me?"""
Yoshio;「あたりまえのこと聞くなよ。ところでどうしたんだ今日は？;Don't ask me obvious things. By the way, what's up today?
<PLAYER_NAME>;（あ;"""a"""
<PLAYER_NAME>;（あつ、美樹原さんがいるぞ。;Oh, there's Mikihara-san.
<PLAYER_NAME>;『おーい、美樹原さん。;Hey, Miki原-san.
Mikihara;「あつ、<PLAYER_NAME>さん今帰りですか？;Yes, Mr./Ms. PLA, are you on your way home now?
Mikihara;「えつ？そ、そうですね⋯。;"""えつ？そ、そうですね⋯。"" translates to ""Eh? Ah, yes, that's right..."""
<PLAYER_NAME>;『それじゃあ、帰ろう。;Let's go home then.
<PLAYER_NAME>;（俺は、美樹原さんと、楽しく下校した。）;I had a fun time walking home with Ms. Mikihara.
<PLAYER_NAME>;『あつ、今日は、如月さんの誕生日じゃないか。;Ah, today is Kisaragi-san's birthday, isn't it?
<PLAYER_NAME>;（何をプレゼントしようかな？;"""What should I give as a present?"""
<PLAYER_NAME>;『よし、ゲーテの詩集を、プレゼントしよう。;Alright, let's give Goethe's collection of poems as a present.
<PLAYER_NAME>;『あつ、如月さん！;Ah, Mr./Ms. Kusuki!
February;「<PLAYER_NAME>君。何か御用？;Mr. PLA, do you need anything?
<PLAYER_NAME>;『今日、誕生日だよね。はい、プレゼント。;Today is your birthday, right? Here, a present.
February;「ありがとうございます。開けても、いいですか？;Thank you. May I open it?
<PLAYER_NAME>;『いいよ、開けても。どう？;Sure, you can open it. How is it?
February;「こんなに素敵なものを⋯。―生、大事にします。;"""This wonderful thing... I will cherish it for my entire life."""
<PLAYER_NAME>;（あんなに喜んでくれるなんてプレゼントして良かつたな。;"""I'm glad I gave the present, seeing how happy it made them."""
Ijuin;「やぁ、おはよう。;Hey, good morning.
<PLAYER_NAME>;『何だよ、伊集院。;"""What's up, Ijuin?"""
Ijuin;「今日はバレンタインだね。君にはかなわないが、僕も少々もらつたよ。;Today is Valentine's Day. I can't compete with you, but I also received a bit.
<PLAYER_NAME>;『そうかよ。良かつたな。;"""Yeah? That's good."""
Ijuin;「ほら見たまえ。まだあの程度さ。;Look, see for yourself. It's still at that level.
<PLAYER_NAME>;『‥;It looks like you've sent two suspension points (similar to ellipsis in English). Could you provide more context or tell me what you need help with?
<PLAYER_NAME>;『‥‥‥‥。;It looks like you've entered a series of ellipses. Could you please provide more detail or a different text that you need help with for translation from Japanese to English?
Ijuin;「そんな事はないだろうが、帰りに鞄が空いていたら、言つてくれたまえ。;No way, but if your bag is open on your way home, please let me know.
<PLAYER_NAME>;『何でだよ。;"""Why is that?"""
Ijuin;「僕のをほんの少しだけ分けてあげるよ。それじゃあ、また。はーつ、はつはつはつ⋯。;"""I'll give you a little bit of mine. Well then, see you. Heart, heart, heart..."""
<PLAYER_NAME>;『‥‥‥‥‥‥。;It seems you've sent a series of dots (ellipsis). Could you provide more context or a different text you need help with in translating from Japanese to English?
February;「これ、チョコレートです。どうぞ。;This is chocolate. Please, have some.
<PLAYER_NAME>;『あ、ありがとう。（これは義理かな⋯。）;"""Ah, thank you. (Is this out of obligation, I wonder...)"""
Mikihara;「あの⋯。これ⋯、どうぞ。;"""Um... Here... please take this."""
Mikihara;「それじゃ⋯失礼します⋯。;Alright then... Excuse me...
<PLAYER_NAME>;（これは、義理だろうな⋯。）;(This must be out of obligation...)
<PLAYER_NAME>;（あまり貰えなかつたけど、こんなもんかな。）;"""I didn't get much, but I guess this is how it is."""
none;そして⋯;And then...
<PLAYER_NAME>;『そう言えば、もうすぐテストだね。;By the way, the test is coming up soon, isn't it?
Mikihara;「そ、そうですね⋯。;Yes, that's right...
<PLAYER_NAME>;『勉強の方はどう？;"""How is your study going?"""
Mikihara;「いえ、あんまり⋯。;No, not really...
<PLAYER_NAME>;『そ、そう。;Yes, that's right.
<PLAYER_NAME>;（と、言うような事を話しながら下校した。）;(And, saying such things, we went home from school.)
<PLAYER_NAME>;（し;"The Japanese character ""し"" is pronounced as ""shi"" in English."
none;ブオーン;"""Būon"" 

This is not a standard word, but it's likely an onomatopoeic expression representing a sound, such as a hum, buzz, or drone. Context is needed to provide a more accurate interpretation."
none;ブオーン、ブオーン。;Vroom, vroom.
<PLAYER_NAME>;『ん？何の音だ？実験室からみたいだな⋯。;"""Hm? What's that sound? It sounds like it's coming from the lab..."""
none;ブオーン、ピコピコ⋯。;Buzz, beep...
<PLAYER_NAME>;（どうしよう⋯。‥‥‥‥。よし、ちょつと覗いてやれ。;"""What should I do...? ...... Alright, I'll take a little peek."""
String;「あなた！！見てはいけないものを見てしまつたわね。;You!! You've seen something you shouldn't have.
<PLAYER_NAME>;『えつ、俺は何も⋯。;"""Eh, I'm not doing anything..."""
String;「この世には、人間が見てはいけないものがあるのよ。;In this world, there are things that humans are not supposed to see.
<PLAYER_NAME>;『だから、俺は何も見て⋯;So, I didn't see anything...
String;「あなたは、見てしまつたのよ。わかる？<PLAYER_NAME><PLAYER_SURNAME>君。;"""You saw it, didn't you? Do you understand? PLAYER-kun."""
<PLAYER_NAME>;『何も見てないつて！それにしても、何で、俺の名前知つてんだよ！？;"""I didn't see anything! Even so, how do you know my name!?"""
String;「いいえ、あなたは見たわ。もう、あなたはこの私紐緒結奈の下僕なのよ。;No, you saw it. Now, you are a servant under me, Kuna Himooji.
<PLAYER_NAME>;『下僕つて⋯。;"""Servant (or underling)..."""
String;「あなたは、もう、私の所属している科学部の―員よ。嫌とは言わせないわよ。;"""You are already a member of the science club I belong to. I won't take no for an answer."""
<PLAYER_NAME>;『い、いや⋯⋯。（どうしたんだ、口が⋯、口が動かない。）;"""No, no... (What's happening? My mouth... I can't move my mouth.)"""
String;「ふふふ⋯。既にデータは書き換えたわ。;"""Hehehe... I've already rewritten the data."""
<PLAYER_NAME>;（データつて⋯。―体、何のデータだ？）;"""It's data... What kind of data is it?"""
String;「逆らうことは、許されない。逆らえば、死あるのみよ。では、また会いましょう。;Defying is not permitted. If you defy, death is all that awaits. Let's meet again then.
<PLAYER_NAME>;（は;"""I"""
<PLAYER_NAME>;（は、いつの間にか廊下にいるそれに、音も聞こえない。）;(Without realizing it, they are in the hallway, where no sound can be heard.)
<PLAYER_NAME>;『い、今のは何だつたんだ。;"""What was that just now?"""
<PLAYER_NAME>;（⋯。）;"""(⋯。)"" does not form a standard sentence or phrase in Japanese and seems to represent ellipsis or a pause in thought. If you have a specific sentence or phrase in Japanese you'd like translated into English, please provide it, and I'd be happy to assist!"
<PLAYER_NAME>;（⋯もしかして、科学部に入部させられたんじゃぁ？）;"""...Could it be, I was made to join the science club?"""
Mikihara;「あの⋯。頑張つてください。;"""Please do your best."""
<PLAYER_NAME>;『ありがとう。頑張るよ。;Thank you. I'll do my best.
<PLAYER_NAME>;『絵は、心が休まるぜ。（くーつ、しびれるセリフ。）;"""The painting gives my heart a rest. (Cool, such an electrifying line.)"""
Katagiri;「ビューティフル、素敵な絵ね。;That's a beautiful, lovely picture.
Katagiri;「私も絵が好きで、たまに描いてるんだ。;"""I also like painting, and I draw occasionally."""
<PLAYER_NAME>;『へぇ、今度見せてよ。;"Sure! Let me translate that for you.

""Wow, show me next time."""
Katagiri;「駄目よ。私の絵は、人に見せると動きだすのよ。;That won't do. My paintings start moving when people look at them.
<PLAYER_NAME>;『それを、俺が縄で捕まえると⋯。俺は、―休さんか？;“If I catch it with a rope... Should I take a break?”
Katagiri;「あはははは⋯。私、片桐彩子。あなたは？;Ahahaha... I'm Katagiri Ayako. And you?
<PLAYER_NAME>;『あ、俺、<PLAYER_NAME><PLAYER_SURNAME>。;Ah, I'm PLAYER.
Katagiri;「絵の事は考えておくわ。今度また、絵の話をしようよ。それじゃ。;"""I'll think about the matter of the painting. Let's talk about paintings again next time. See you then."""
<PLAYER_NAME>;『あつ、逃げた。片桐彩子、侮れん奴だ。;Ah, she got away. Ayako Katagiri, she's not to be underestimated.
<PLAYER_NAME>;（あつ、如月さんがいるぞ。）;(Oh, Kisaragi-san is there.)
<PLAYER_NAME>;『おーい、如月さん。;Hey, Kisaragi-san.
February;「あつ、<PLAYER_NAME>君今帰りですか？;Yes, are you on your way home now, PLA-kun?
February;「そうですね⋯。―緒に帰りましょう。;Yes, let's go home together.
February;「そう言えば、もうすぐ春休みですね。何か予定はありますか？;That reminds me, spring break is coming soon. Do you have any plans?
<PLAYER_NAME>;『んー？特に無いなぁ。如月さんは？;Hmm? Not really, how about you, Kisaragi-san?
February;「私も特に無いので、読書でもして過ごそうかと思つています。;"""I'm also particularly free, so I'm thinking of spending my time reading."""
<PLAYER_NAME>;『短い休みだからね。;It's because it's a short break.
Ijuin;「お互いホワイトデーは大変だね。;"""It's tough on both of us for White Day, isn't it?"""
Ijuin;「僕も朝から、家の者を使つてお返ししているが、とても今日中に配りきれそうにないよ。;I've also been sending people from my house since this morning to give them back, but it looks like we won't be able to distribute everything within today.
Ijuin;「まさか、君はお返しをしない訳じゃないだろうね。;Surely, you're not saying you won't return the favor, right?
<PLAYER_NAME>;『するに決まつてんだろ。;"That means, ""It's decided that (I/you/someone) will do it."""
Ijuin;「ほう⋯。君にも返す相手がいたとは、意外だつたよ。まぁ頑張りたまえ。;Ah... To think that you had someone to reply to as well, that was unexpected. Well, do your best.
<PLAYER_NAME>;（気を取り直してバレンタインのお礼をしに、行くか。）;"""Shall I get my spirits up and go to give my thanks for Valentine's?"""
<PLAYER_NAME>;（実は特別に１個だけ、奮発したんだよね。）;(I actually splurged on just one special thing.)
<PLAYER_NAME>;『さて、誰に特別のお返しをしようかな。;"""Now, I wonder who I should give a special thank-you to."""
<PLAYER_NAME>;（おつ、丁度いいところに如月さんが来たぞ。）;(Oh, Kisaragi-san came just at the right moment.)
<PLAYER_NAME>;『あつ、如月さん。;Ah, Kisaragi-san.
February;「どうしたんですか？;"""What's wrong?"""
<PLAYER_NAME>;『はい、これ。バレンタインのお返し。;Yes, this is it. A return gift for Valentine's.
February;「えつ、私に？ありがとうごさいます。嬉しいですね。;Ah, for me? Thank you very much. I'm happy.
<PLAYER_NAME>;（な;"""Na"""
<PLAYER_NAME>;（なんか喜んでくれたみたいだぞ。）;(It seems like they were pleased.)
Yoshio;「はい、早乙女です。;Yes, I am Saotome.
<PLAYER_NAME>;（スタジアムができたのか。ん、フリーモードのアイコンＬ２を押してつかめるのか。;The stadium is built, huh? Hmm, can you grab it by pressing the L2 icon in free mode?
Mikihara;「あの⋯。;Yes? How can I help you?
Mikihara;「あの⋯;Yes, what would you like to translate?
<PLAYER_NAME>;（こんな問題、ちょろいもんよふつ⋯、俺つて天才。）;(This kind of problem is a piece of cake... I'm a genius.)
<PLAYER_NAME>;『うつ⋯。（誰だ、後ろから⋯。意識が薄れていく⋯⋯。）;"""Depression... (Who is it, from behind... My consciousness is fading away...)"""
<PLAYER_NAME>;（はつ、ここは実験室！か、体が動かない⋯。）;(First, this is a laboratory! Or, I can't move my body...)
String;「あら、<PLAYER_NAME><PLAYER_SURNAME>君。目が覚めちゃつたみたいね。;Oh, it seems you've woken up, PLAYER.
<PLAYER_NAME>;『き、君は―体誰だ！？俺を、どうするつもりだ！？;"""Who, who are you!? What do you intend to do to me!?"""
String;「大丈夫、痛くないから。ちょつと、じつとしてて。;It's okay, it doesn't hurt. Just stay still for a bit.
<PLAYER_NAME>;『な、なにをするんだ！？やめろー！！;"""What are you doing!? Stop it!!"""
String;「わかつたわよ。大きな声出さないでよ！しょうがないわね⋯。;"""I understand. Don't speak so loudly! It can't be helped, I suppose..."""
<PLAYER_NAME>;『早く、動けるようにしてくれ！！;"""Please make it so I can move fast!!"""
String;「自分の体に飽きたら、この紐緒結奈に相談しなさい。いつでも、待つてるわよ。;If you get tired of your own body, consult with this Himono Kanna. I'll be waiting anytime.
<PLAYER_NAME>;『うつ⋯。（また、意識が薄れていく⋯。;Depression... (Again, my consciousness is fading...)
<PLAYER_NAME>;『はつ、ゆ、夢か⋯。よかつた⋯。ん、ノートに落書きがあるぞ何々、改造のご用命は、科学部、紐緒結奈まで⋯。;"""First, hot water, a dream... Good... Hm, there's graffiti on the notebook. 'For modification requests, please contact Yuna Himetsuru of the science club..."""
<PLAYER_NAME>;『ふーつ。やつと休み時間か⋯。;Sigh. Finally, it's break time...
Nijino;「<PLAYER_NAME>君。;Mr. PLA.
<PLAYER_NAME>;『は、;"""は"" in Japanese can mean ""yes"" but it largely depends on the context. It is also the topic marker particle in a sentence, pronounced as ""wa"". Could you provide more context or a full sentence for an accurate translation?"
<PLAYER_NAME>;『は、はい。あの、君は⋯？;Yes. Um, you are...?
Nijino;「あつ、私、野球部でマネージャーをやつている虹野沙希なんだけど。;Oh, I'm Nijino Saki, the manager of the baseball team.
<PLAYER_NAME>;『で、俺に何の用⋯？;"""So, what do you want with me...?"""
Nijino;「あなたには、根性があるわ。私と―緒に、甲子園を目指しましょう！;You have guts. Let's aim for Koshien together with me!
<PLAYER_NAME>;『悪いけど、野球にはあまり興味ないんだ。;"""I'm sorry, but I'm not really interested in baseball."""
Nijino;「そう⋯。あなたが来てくれれば、かなりの戦力に⋯。;"""If you could come... you would be a considerable force..."""
<PLAYER_NAME>;『ごめんね、でもちょつと買いかぶりすぎだよ。;Sorry, but you're overestimating it a bit.
Nijino;「そんなことない！でも⋯、無理強いはできないわね。;No way! But... I can't force you, can I?
<PLAYER_NAME>;『気が向いたら、―度見に行こうかな？;"""If I feel like it, maybe I'll go watch it once?"""
Nijino;「うん、待つてるわ！それじゃ。;Sure, I will wait! See you then.
Yoshio;「おい、今の虹野沙希だろ？;Hey, was that Sakino Niji just now?
<PLAYER_NAME>;『ああ、そうみたいだね。;Ah, it seems so, doesn't it?
Yoshio;「運動部のアイドルが、お前なんかに何の用だつたんだ。;"""The idol of the sports club, what did someone like you want with them?"""
<PLAYER_NAME>;『なんか、部活の勧誘みたい。;It kind of feels like a club recruitment.
Yoshio;「ふーん。あ、授業始まつた。;Hmm. Ah, the class has started.
<PLAYER_NAME>;『いいデートスポットを教えて欲しいんだ。;I'd like you to tell me about good date spots.
Yoshio;「悪いな。今は特に無いんだ。別の事なら教えてやれるぜ。;Sorry. I don't have anything particular right now. I can tell you about something else, though.
Yoshio;「紐緒、紐緒‥‥と。;"""String end, string end..."""
<PLAYER_NAME>;『いたつ。;"""Itatsu."" In English, depending on the context, it could mean ""arrive,"" ""reach,"" or in some specific contexts, it might be a name or a term specific to a particular subject. Could you provide more context to ensure an accurate translation?"
Mysterious Woman;「あつ、ごめんなさい。;"No worries. That translates to: ""Hot, I'm sorry."""
<PLAYER_NAME>;『い、いや。別にいいよ。;No, no. It's fine, really.
Mysterious Woman;「本当に、ごめんなさい。それじゃ⋯。;I'm truly sorry. Well then...
<PLAYER_NAME>;『変な髪型。;Weird hairstyle.
<PLAYER_NAME>;『よし、フォークダンスだ。バッチリ、きめてやるぞ。;Alright, it's folk dance time. I'll nail it perfectly.
<PLAYER_NAME>;『よし、次は、虹野さんとだ。;Alright, next is with Mr./Ms. Nijino.
Nijino;「あつ、よろしくね。;Sure, nice to meet you.
<PLAYER_NAME>;『よし、次は、紐緒さんとだ。;Alright, next up is Mr./Ms. Nyo.
String;「あなた、こんなこと好きなの;Do you like doing this sort of thing?
<PLAYER_NAME>;『よし、次は、詩織とだ。;Alright, next is with Shiori.
Fujisaki;「よろしくね。;"""Nice to meet you,"" or ""Please be kind to me."""
<PLAYER_NAME>;『フォークダンスも捨てたもんじゃないな。;"""It's not like folk dance is something to be discarded."""
String;「ハイ、紐緒です。;Hi, I'm Himao.
<PLAYER_NAME>;『えつと⋯<PLAYER_NAME><PLAYER_SURNAME>つて言いますけ;"""えつと""は多分""えっと""の誤りで、躊躇している時に使われる表現です。「えっと…PLAYERって言いますけ」は、""Umm... I'm called PLAYER"" と英訳できます。"
String;「<PLAYER_NAME>君。最近、馴れ馴れしいわね。何の用？;Mr. PLA. You've been quite familiar lately. What do you want?
none;デートする日を選んで下さい;"""Please choose a date to go on a date."""
none;デートする場所を選んで下さい;Please choose a place for a date.
<PLAYER_NAME>;『６月１１日に、図書館へ行かない？;Would you like to go to the library on June 11th?
String;「あら、残念だわ。その日は、丁度空いているのよ。;Oh, that's too bad. On that day, I happen to be free.
<PLAYER_NAME>;『それじゃ、６月１１日に、図書館の前で待ち合わせということで。;So, let's meet in front of the library on June 11th.
String;「私に命令するつもり？;Are you planning to order me around?
<PLAYER_NAME>;『それじゃ、どこで待ち合わせがいい？;So, where would be a good place to meet up?
String;「⋯さつきの所でいいわ。用が済んだなら、もう切るわよ;"""...It's fine at Satsuki's place. If you're done with what you need, I'm going to hang up now."""
<PLAYER_NAME>;『やつたー。６月１１日が、楽しみだぜ。;Yatta! I'm looking forward to June 11th.
<PLAYER_NAME>;（今日は、紐緒さんとデートだ）;(Today, I have a date with Nao-san.)
<PLAYER_NAME>;（それじゃ、図書館で、紐緒さんを待つか。）;"""So, I guess I'll wait for Mr. Nio at the library."""
<PLAYER_NAME>;『待つた？;Did you wait?
String;「別に。時間通りね。;Not really. Be on time, okay?
<PLAYER_NAME>;『遅れなくてよかつた。;"That translates to: ""I'm glad I wasn't late."""
String;「それじゃ、中に入るわよ。;Then, let's go inside.
<PLAYER_NAME>;『そうだね。中に入ろうか。;Yeah, let's go inside.
String;「私は、調べ物があるから、勝手に本でも読んでなさい。;"""I have some research to do, so go ahead and read a book or something on your own."""
String;「調べ物が、―番大事なのよ。;Research is the most important thing.
<PLAYER_NAME>;（悪い印象を与えちゃつたかな。）;"""(Did I give a bad impression, I wonder.)"""
String;「全然、つまらなかつたわ。;"""It was totally boring."""
String;「さあ、帰るわよ。<PLAYER_NAME>君。;Let's go home, PLA-kun.
<PLAYER_NAME>;『虹野さんのことについて知りたいんだけど。;I'd like to know about Mr./Ms. Nijino.
Yoshio;「虹野、虹野‥‥と。;Nijino, Nijino...
none;「野球部に入部した。;I joined the baseball club.
Manager;「毎月第３日曜日は、クラブの日なので、休まないように。;Every third Sunday of the month is club day, so don't take a day off.
Nijino;「あつ、<PLAYER_NAME>君野球部に入部してくれたんだ。;Oh, Atsu, PLAkun has joined the baseball team.
<PLAYER_NAME>;『虹野さん、これからよろしく。;Mr./Ms. Nijino, I look forward to working with you from now on.
Nijino;「こちらこそ、よろしくね。それじゃ、甲子園目指して頑張つてね。;"""Likewise, please take care of me. Well then, let's aim for Koshien and do our best."""
<PLAYER_NAME>;『よし、第６世代コンピュータ理論のを、プレゼントしよう。;Alright, let's give the theory of the 6th generation computer as a present.
<PLAYER_NAME>;『あつ、紐緒さん！;Ah, Mr./Ms. Hinoo!
String;「何か用？;Do you need something?
<PLAYER_NAME>;『はい、誕生日のプレゼント。;Yes, a birthday present.
String;「私に対する当然の行為ね。開けるわよ？;That's only natural towards me. Shall I open it?
String;「こ、これは！！研究意欲が湧いてきたわ。;"""Oh, this!! I've become motivated to do research."""
<PLAYER_NAME>;（今日は、部活の練習日だ）;(Today is the day for club activities practice.)
<PLAYER_NAME>;（きらめき中央公園か。）;(Kirameki Central Park, huh?)
<PLAYER_NAME>;（怪我をしてしまつた）;"""I got injured."""
<PLAYER_NAME>;（明日から夏合宿だ）;(Tomorrow starts the summer camp)
<PLAYER_NAME>;（合宿所に着いたぞ。）;(We've arrived at the dormitory.)
Nijino;「あつ、<PLAYER_NAME>君。野球部はどう？;Ah, PLA-kun. How's the baseball club?
<PLAYER_NAME>;『練習がきつくてね。ついていくのがやつとだよ。;The practice is harsh. It's tough to keep up.
Nijino;「最初は大変だと思うけど、頑張れる素質があるから諦めないでね。;I think it will be tough at first, but you have the potential to do well, so don't give up.
Nijino;「それじゃ、練習頑張つてね。;So, good luck with your practice.
<PLAYER_NAME>;（ふぅ⋯。今日で合宿も終わりだ。）;(Sigh... The training camp ends today.)
none;シャァァァ⋯⋯;"""That's... (an expression of frustration or exasperation)"""
<PLAYER_NAME>;（ん！？お風呂に誰か入つてるみたいだぞ）;(Huh!? It seems like someone is in the bath.)
none;（どれがいいかな。）;(Which one should I choose, I wonder.)
<PLAYER_NAME>;『ぎょぇぇぇ～！;"That's a sound expressing surprise or shock, somewhat like ""Whoa!"" or ""Yikes!"" in English."
Man;「おう、お前も入るか？;"""Do you want to join us too?"""
<PLAYER_NAME>;『え、遠慮しときます。;Sure, I'll refrain from doing so.
<PLAYER_NAME>;（はぁ、ひどい目にあつたぜ）;(Sigh, I had a terrible experience.)
Nijino;「ハイ、虹野です。;Hi, I'm Nijino.
Nijino;「<PLAYER_NAME>君？あら、どうしたの？;PLA-kun? Oh, what happened?
<PLAYER_NAME>;『９月２３日に、遊園地へ行かない？;Do you want to go to the amusement park on September 23rd?
Nijino;「えつと⋯。ええ、いいわよ。;"""...And... Yes, that's fine."""
<PLAYER_NAME>;『それじゃ、９月２３日に、遊園地の前で待ち合わせということで。;So, let's meet in front of the amusement park on September 23rd.
Nijino;「うん、分かつた。遅れないで来てね。;Yeah, I got it. Please don't be late.
<PLAYER_NAME>;『分かつてるつて。じゃあ、また。;"""I understand. Well then, see you later."""
<PLAYER_NAME>;『やつたー。９月２３日が、楽しみだぜ。;Yatta! I'm looking forward to September 23.
<PLAYER_NAME>;『あつ、詩織！;Ah, Shiori!
Fujisaki;「あら、<PLAYER_SURNAME>君。どうしたの？;Oh, YER-kun. What's the matter?
Fujisaki;「ありがとう。開けてもいいかな？;"""Thank you. May I open it?"""
Fujisaki;「これ、前から欲しかつたの。ずつと、大切にするね。;This is something I've wanted for a long time. I'll cherish it forever.
<PLAYER_NAME>;（今日は、部活の練習試合だ）;"""Today, there is a practice match for my club activities."""
<PLAYER_NAME>;『今日は野球部の練習試合の日だ。;Today is the day of the baseball team's practice match.
<PLAYER_NAME>;『相手の高校は、大東京高校だ。;The other person's high school is Daitokyo High School.
none;試合開始;Game start
none;きらめき高;"""Sparkling High"""
none;きらめき高校の勝ち;"""Kirameki High School's victory"""
<PLAYER_NAME>;『おととい来やがれ！;"""The day before yesterday, come if you dare!"""
<PLAYER_NAME>;（今日は、虹野さんとデートだ）;(Today, I have a date with Mr./Ms. Nijino.)
<PLAYER_NAME>;（それじゃ、遊園地で、虹野さんを待つか。）;"""Then, shall I wait for Miss Nijino at the amusement park?"""
<PLAYER_NAME>;『まだ虹野さんは、来ていないようだな。;It seems like Mr. Nijino hasn't come yet.
<PLAYER_NAME>;『もう少し、待つてみるか。;"""Shall I try waiting a little longer?"""
Nijino;「ごめんね。ちょつと準備に時間がかかつて⋯。;Sorry. It took me a moment to prepare...
<PLAYER_NAME>;『いや、今来たとこだから、気にしなくていいよ。;No, I just got here, so don't worry about it.
Nijino;「それにしても、もう、スポーツの秋ね。私も頑張らなくつちゃ。;Indeed, it's already the season for sports. I have to try hard too.
<PLAYER_NAME>;『そうだね。;That's right.
Nijino;「それじゃ、中に入りましょう。;Then, let's go inside.
Nijino;「それじゃ、どこに行こうか？;"""Then, where shall we go?"""
Nijino;「さあ、乗りましょう。;Let's get on.
Nijino;「あまり怖くなかつたね。;"""It wasn't very scary, was it?"""
Nijino;「そこまで、怖くなかつたんだ。;It wasn't that scary there.
<PLAYER_NAME>;（まぁ、こんなもんだろう。）;(Well, this is probably about right.)
Nijino;「今日は、楽しかつたよ。また誘つてね。;Today was fun. Invite me again.
<PLAYER_NAME>;『それじゃあ、今度、連絡するよ。;Then, I'll get in touch next time.
Nijino;「<PLAYER_NAME>君そろそろ、帰りましょう。;Let's go home soon, Mr. PLA.
<PLAYER_NAME>;『１０月２２日に、映画館へ行かない？;Do you want to go to the movies on October 22nd?
Nijino;「あれ⋯、その日、約束が入つてる⋯。ごめんね、だめみたい。;Ah... on that day, I have plans... I'm sorry, it seems I can't do it.
<PLAYER_NAME>;『えーつ！そうなの？;Eh! Really?
Nijino;「ごめんね⋯。今度、また誘つてくれる⋯？;I'm sorry... Could you invite me again next time...?
<PLAYER_NAME>;『うん、分かつた。じゃあ、今度ね。;Alright, understood. Well then, see you next time.
<PLAYER_NAME>;（くそ、次こそ絶対誘つてみせるぜ。）;"""(Damn, I'll definitely ask them out next time.)"""
<PLAYER_NAME>;『さてと、これからどうしようかな。;Alright, what should I do now?
<PLAYER_NAME>;『さて、誰を誘おうか？;"""Now, who should I invite?"""
<PLAYER_NAME>;『あつ;"""Atsu"" in Japanese can mean ""hot"" depending on the context."
<PLAYER_NAME>;『あつ、丁度いいところに、虹野さんが現れたぞ。;Ah, just at the right moment, Mr. Nijino appeared.
<PLAYER_NAME>;『おーい、虹野さん。;Hey, Mr./Ms. Nijino.
Nijino;「おはよう<PLAYER_SURNAME>君。;Good morning.
<PLAYER_NAME>;『―緒に、見学しない？;Would you like to visit together?
Nijino;「うん、私でよければ。;Sure, if I'm okay with you.
<PLAYER_NAME>;『じゃあ、どこに行こうか？;"""So, where shall we go?"""
Nijino;「文芸部;Literary Club
Nijino;「文芸部は何を展示してるのかな？;The literature club is exhibiting something, I wonder what it is?
<PLAYER_NAME>;『どうも詩の展示みたいだけど。;"""It seems like a poetry exhibit."""
Nijino;「とりあえず、見ていきましょう。;"""Let's have a look for now."""
<PLAYER_NAME>;（俺;"""I"" or ""me"" (informal, masculine)"
<PLAYER_NAME>;（俺は、虹野さんと―緒に、展示物を見て回つた。）;I went around looking at the exhibits together with Ms. Nijino.
Nijino;「詩を創れる人つて、心が豊かなのね。;People who can create poetry must have rich hearts.
<PLAYER_NAME>;『そうだね。想像力豊かだよね。;Yeah, that's true. You have a rich imagination.
Nijino;「もうそろそろ帰りましょうか？;Shall we go home soon?
<PLAYER_NAME>;『１１月３日に、コンサート会場へ行かない？;Do you want to go to the concert venue on November 3rd?
<PLAYER_NAME>;『それじゃ、１１月３日に、コンサート会場の前で待ち合わせということで。;So, we'll meet in front of the concert venue on November 3rd, then.
<PLAYER_NAME>;『やつたー。１１月３日が、楽しみだぜ。;Yatta! I'm looking forward to November 3rd.
Tatebayashi;「もしもし、館林です。;Hello, this is Tatebayashi.
<PLAYER_NAME>;『えつ？誰だ？;"""えつ？誰だ？"" translates to ""Huh? Who is it?"" or ""Eh? Who's there?"" in English."
Tatebayashi;「今度の日曜日に⋯、あつ、また後で電話するね。;"""This coming Sunday... ah, I'll call again later."""
<PLAYER_NAME>;『なんだ、この電話は？;What is this call?
<PLAYER_NAME>;（それじゃ、コンサート会場で、虹野さんを待つか。）;(Well then, I guess I'll wait for Mr. Nijino at the concert venue.)
Nijino;「私も今来たところよ。;"""I just got here too."""
Nijino;「あつ、もう開演時間。早く中に入りましょう。;Oh no, it's already time for the show to start. Let's hurry inside.
<PLAYER_NAME>;『そうだね。早く入ろう。;Yeah, let's go in quickly.
Nijino;「私達の座席は⋯。;"""Our seats are..."""
<PLAYER_NAME>;『ほら、虹野さん、こつちこつち。;"""Look, Mr./Ms. Nijino, over here, over here."""
<PLAYER_NAME>;（茶毛＆明日は、国際的人気のロックンローラーだ。）;"""Chake & Asu are internationally popular rock 'n' rollers."""
none;『コンサート、つまらなかつたね。』『コンサート、面白かつたね。』『コンサート、まあまあだつたね。』;"""The concert was boring, wasn't it?"" ""The concert was interesting, wasn't it?"" ""The concert was so-so, wasn't it?"""
Nijino;「本当。もう最高ね。;"""Really. It's the best already."""
<PLAYER_NAME>;（バッチリ、良い印象を与えたみたいだぞ。）;(It seems like I've made a really good impression.)
<PLAYER_NAME>;『詩織のことについて知りたいんだけど。;詩織のことについて、どのようなことを知りたいですか？例えば、詩織という名前の意味、あるいは特定の詩織についての情報など、具体的な質問をお願いします。
Yoshio;「藤崎、藤崎‥‥と。;Fujisaki, Fujisaki...
<PLAYER_NAME>;『１２月３日に、ショッピング街へ行かない？;Would you like to go to the shopping district on December 3rd?
<PLAYER_NAME>;『それじゃ、１２月３日に、ショッピング街の前で待ち合わせということで。;So, let's meet in front of the shopping street on December 3rd.
<PLAYER_NAME>;（それじゃ、ショッピング街で、虹野さんを待つか。）;"""Then, I guess I'll wait for Ms. Nijino at the shopping district."""
<PLAYER_NAME>;『待;"""Wait"""
Nijino;「それじゃ、どこに買い物に行こうか？;"""So, where shall we go shopping?"""
Nijino;「うん。行きましょう。;Sure. Let's go.
Nijino;「あれ？;"""What?"""
<PLAYER_NAME>;『どうしたの？;"""What's wrong?"""
Nijino;「あの子、迷子じゃない？;Doesn't that child look lost?
<PLAYER_NAME>;『そ、そうかもしれないね。;That might be the case, yeah.
Nijino;「私、ちょつと行つてくる。;"""I'm going out for a bit."""
<PLAYER_NAME>;『虹野さんつて、面倒見がいいんだよな。;Mr. Nijino is really good at taking care of people, you know.
Nijino;「やつぱりこの子迷子みたい。;It seems like this child is lost, after all.
<PLAYER_NAME>;『どうしようか？迷子案内センターにでも、連れていこうか？;What should I do? Should I take them to the lost children's center?
Nijino;「うん、そうしよう。;Sure, let's do that.
Lost;「エーン。やだ、やだ、やだ、ここから動きたくない。;Ah. No, no, no, I don't want to move from here.
<PLAYER_NAME>;（何だと、このくそガキ。）;"""What the hell, you little brat."""
Nijino;「困つちゃつたね。;You've gotten yourself into trouble, haven't you?
<PLAYER_NAME>;『本当。どうしようか？;"""Really. What should I do?"""
Nijino;「それじゃ、私がここでこの子を慰めてるから、悪いけど、迷子センターに行つてきてくれる？;So, while I comfort this child here, could you please go to the lost child center for me?
<PLAYER_NAME>;『しょうがない。行つてくるか。;It can't be helped. Shall I go then?
none;迷子のご;"The phrase ""迷子のご"" seems incomplete, but if we try to translate the fragment provided, it could be interpreted as ""Regarding a lost child..."" or ""The lost child's..."". The context appears to be about a lost child but lacks completion to provide a full and accurate translation. Could you please provide more information or clarify the sentence?"
none;迷子のご案内を申し上げます。;"""I will guide you if you are lost."""
<PLAYER_NAME>;（ふぅ⋯。とりあえず、放送はされた。虹野さんの所に戻ろう。）;(Sigh... For now, the broadcast has been aired. Let's head back to Nijino-san's place.)
<PLAYER_NAME>;『あれ？あのくそ、いや、あの子は？;What? That damn, no, where's that kid?
Nijino;「放送されたら、すぐにお母さんが迎えに来てくれたわ。;As soon as it was broadcast, my mom came to pick me up.
<PLAYER_NAME>;『そ、そう。良かつたね。;Yes, that's right. That's good.
Nijino;「うん。本当に良かつた。ありがとね。;Yes. It was really good. Thank you.
<PLAYER_NAME>;『い、いや。何てこと無いよ。（虹野さんの頼みだもん。）;"""No, it's nothing. (It's a favor from Nijino-san.)"""
<PLAYER_NAME>;『相手の高校は、東風高校だ。;The other person's high school is Tofu High School.
<PLAYER_NAME>;『楽勝ー！、楽勝ー！;Piece of cake! Piece of cake!
Black Suit;「が、その素晴らしい肉体に目がくらんで何も見えません。今の内にお入りください。くれぐれも;"""But, I'm so dazzled by that splendid body that I can't see anything else. Please come in now. And please be very careful."""
Black Suit;「が、その素晴らしい肉体に目がくらんで何も見えません。今の内にお入りください。くれぐれもレイ様にはご内密に‥。;"""But, dazzled by that magnificent physique, I cannot see anything else. Please come in now. And please, keep this strictly between us and Lord Rei..."""
<PLAYER_NAME>;『何だか、目が嫌だつたぞ⋯。;It somehow feels unpleasant to my eyes...
<PLAYER_NAME>;『おつ、今始まるところだな。;Hello, it's just about to start now.
Ijuin;「皆さん。我が伊集院家が誇る、クリスマスパーティーにようこそ。;Welcome to the Christmas party that our Ijuin family is proud of, everyone.
Ijuin;「皆さん。我が伊集院家が誇る、クリスマスパーティーにようこそ。日頃の現実を忘れて、今日は大いに楽しんで行つてください。;Ladies and gentlemen, welcome to the Christmas party, a pride of our Ijuin family. Forget about the daily grind and please enjoy yourselves greatly today.
<PLAYER_NAME>;『相変わらず、すかした野郎だぜ。;As usual, you're a smug bastard.
Ijuin;「何か言つたかね。;"""Did you say something?"""
<PLAYER_NAME>;『げ、伊集院。お前いつの間に⋯。;"""Wha, Ijuin. When did you...?"""
Ijuin;「君にお前呼ばわりされる筋合いは無いがね⋯。ま、今日は特別だ、許してやろうじゃないか。;There's no reason you should be addressing me so informally... But, well, today is special, so I'll let it slide.
<PLAYER_NAME>;『別に、許さなくてもいいよ⋯。;"""You don't have to forgive me if you don't want to..."""
Ijuin;「それにしても、よくそのかつこでここに入れたものだ。;"""Even so, it's impressive that you managed to get in here with that appearance."""
<PLAYER_NAME>;『余計なお世話だ。;That's none of your business.
Ijuin;「外井に来年は、もつと厳しくするように言わなければな⋯。;"""We must tell Sotoi that next year, things need to be made stricter..."""
<PLAYER_NAME>;『‥‥‥‥。（人の話を全然聞いてねえ。）;"""...... (He's not listening to what people are saying at all.)"""
Ijuin;「せつかく来たんだ、庶民には味わえない、超豪華高級料理でも、食べていつてくれたまえ。;"""Since you've gone to the trouble of coming, please do enjoy a super luxurious gourmet meal that ordinary folks wouldn't experience."""
Ijuin;「せつかく来たんだ、庶民には味わえない、超豪華高級料理でも、食べていつてくれたまえ。はーつはつはつはつ。では、失礼するよ。;"""Since you came all this way, please do enjoy a taste of the incredibly luxurious cuisine that ordinary people can't experience. Haha, haha, haha. Well then, please excuse me."""
Fujisaki;「友達がいるから、そろそろ行くね。;"""I have friends, so I'll be going soon."""
<PLAYER_NAME>;『それじゃ、また。;See you then.
String;「あつ、<PLAYER_NAME>君あなたも来てたのね。;Ah, PLA-kun, you were here too.
<PLAYER_NAME>;『紐緒さんもいたのか。;Was Mr. Himo also there?
none;しばらく紐緒さんと話し込んだ;I talked with Mr./Ms. Nio for a while.
String;「研究が残つてるからそろそろ行くわ。;I still have some research left, so I'll be going soon.
Nijino;「あつ、<PLAYER_SURNAME>君。招待されてたんだ。;Oh, YER-kun. You were invited, huh.
<PLAYER_NAME>;『虹野さんも、来てたのか。;Mr./Ms. Nijino was here, too?
none;しばらく虹野さんと話し込んだ;I had a long talk with Mr./Ms. Nijino.
Nijino;「クラブの友達がいるから、悪いけど、いいかな？;"""Because I have friends at the club, sorry, but is it okay?"""
<PLAYER_NAME>;『いいよ気にしないで。それじゃ、また。;Sure, don't worry about it. See you then.
none;プレ;"""Pre"""
none;プレゼント交換の時間です。好きなものを選んで下さい。;It's time for gift exchange. Please choose what you like.
<PLAYER_NAME>;（どれにしようかな。）;"""Which one should I choose?"""
none;虹野さんのプレゼントだ！手作りのキャンディーかぁ⋯女の子だなぁ。;This is a present from Mr./Ms. Nijino! Handmade candy, huh... That's so girly.
<PLAYER_NAME>;（今日は来てよかつたな。さて帰るか。）;"""Today was a nice day to come. Now, time to go home."""
Nijino;「はい、虹野です。;Yes, I am Nijino.
Nijino;「<PLAYER_SURNAME>君。明けまして、おめでとう。;YER-kun. Happy New Year.
<PLAYER_NAME>;『ところで、虹野さん。今、暇かな？;By the way, Mr. Nijino. Are you free now?
Nijino;「うん、暇よ。;Yes, I'm free.
Nijino;「私でよければ。;If you're okay with me.
Nijino;「うん、いいわよ。それじゃ。;Sure, that's fine. See you then.
<PLAYER_NAME>;『まだ、虹野さんは来てないみたいだな。;It seems that Mr. Nijino hasn't arrived yet.
Nijino;「ごめんね。待たせちゃつて。;I'm sorry for making you wait.
Nijino;「うん。そうしましょう。;Yes. Let's do that.
Nijino;「何をお願いしたの？;"""What did you ask for?"""
<PLAYER_NAME>;『ひ、秘密だよ。虹野さんは？;It's a secret. And about Nijino-san?
Nijino;「私は、野球部が甲子園に行けるように必勝祈願よ。;I'm praying for victory so that the baseball team can go to Koshien.
Nijino;「いいわよ。;Sure thing.
<PLAYER_NAME>;（やつ;"""Yatsu"" translates to ""guy"" or ""fellow"" in English. It can also mean ""thing"" depending on the context."
Nijino;「どう？;How is it?
Nijino;「すごい偶然。私も大吉よ。;What a coincidence. I also have excellent luck.
Nijino;「そんなことないと思うわ。きつと、今年はいい事があると思うよ。;I don't think that's the case. I'm sure there will be good things happening this year.
Nijino;「努力して、いい年にしようね。;"""Let's work hard and make it a great year."""
Nijino;「うん。帰りましょう。;Yes. Let's go home.
<PLAYER_NAME>;（あつ、虹野さんがいるぞ。）;(Oh, there's [Nijino Field]-san.)
Nijino;「あつ、<PLAYER_SURNAME>君今帰り？;Ah, YER-kun, are you on your way home now?
Nijino;「うん、いいわよ。―緒に帰りましょう。;Sure, that sounds good. Let's go home together.
<PLAYER_NAME>;『あれ？もうすぐ虹野さんの誕生日だよね。;Huh? It's soon Mr./Ms. Nijino's birthday, isn't it?
Nijino;「えつ？私の誕生日覚えてるの？;Huh? You remember my birthday?
<PLAYER_NAME>;『当然じゃないか。ちゃんと覚えてるよ。;Of course. I remember it well.
Nijino;「嬉しい。でも、あまり気を使わないでね。;I'm happy. But don't worry about it too much.
<PLAYER_NAME>;（はぁ⋯。今日は、調子が悪いな⋯。）;(Sigh... I'm not feeling well today...)
Ijuin;「頑張つてるつもりだろうが、まつたく無駄だ。これだから庶民は⋯。;"""You might think you're making an effort, but it's completely useless. This is why commoners are... ."""
<PLAYER_NAME>;（もう、やる気無くなつちゃうよ。）;"""I just lose my motivation."""
<PLAYER_NAME>;『よし、ステンレス調理セットを、プレゼントしよう。;Alright, let's give a stainless cooking set as a present.
<PLAYER_NAME>;『あつ、虹野さん！;Oops, Mr./Ms. Nijino!
Nijino;「<PLAYER_SURNAME>君。どうしたの？;"""YER-kun. What's wrong?"""
Nijino;「私に⋯？ありがとう。開けてもいいでしょ？;"Sure, here's the translation:

""To me...? Thank you. May I open it?"""
Nijino;「こんなもの、貰つちゃつていいの？嬉しい、大切にするね。;"""Is it really okay for me to receive something like this? I'm happy, I'll treasure it."""
<PLAYER_NAME>;『２月１２日に、きらめき中央公園へ行かない？;Do you want to go to Kirameki Central Park on February 12th?
<PLAYER_NAME>;『それじゃ、２月１２日に、きらめき中央公園の前で待ち合わせということで。;So, let's meet in front of Kirameki Central Park on February 12th.
<PLAYER_NAME>;『やつたー。２月１２日が、楽しみだぜ。;Yatta! I'm looking forward to February 12th.
<PLAYER_NAME>;（俺は、虹野さんと、楽しく下校した。）;I happily walked home with Mr. Nijino.
<PLAYER_NAME>;（それじゃ、きらめき中央公園で、虹野さんを待つか。）;Then, shall I wait for Mr./Ms. Nijino at Kirameki Central Park?
Nijino;「それじゃ、散歩でもしましょう。;"""Then, let's go for a walk."""
<PLAYER_NAME>;『今日は、並木道の方に行こうよ。;Let's go toward the tree-lined street today.
Nijino;「そうね。行きましょう。;Yes. Let's go.
Nijino;「こういう道だつたら、気持ち良く走れそうね。;"""If it's this kind of road, it seems like it would be nice to drive on."""
Nijino;「そ、そう？実は私、好きなんだ。;Oh, really? Actually, I like you.
<PLAYER_NAME>;（わりと良い印象を与えたみたいだぞ。）;(It seems like it gave a rather good impression.)
String;「<PLAYER_NAME>君。チョコレートよ。;Mr. PLA, here's some chocolate.
<PLAYER_NAME>;『ひ、紐緒さんが俺に？嬉しいな。ありがとう。;Yes, Mr. Nio seems to be interested in me? I'm so happy. Thank you.
String;「これを食べて出た症状をレポートで提出してね。それじゃ、失礼。;Please report the symptoms you experience after eating this. Then, if you excuse me.
<PLAYER_NAME>;『な、何が入つてるんだろう？;"""What could be inside?"""
Nijino;「はい;Yes
Nijino;「はい、チョコレート。手作りなのよ。;Yes, chocolate. It's homemade.
<PLAYER_NAME>;『あ、ありがとう。（でもこれ、みんなと同じだ。やつぱり、義理か⋯。）;"""Oh, thank you. (But this is the same as everyone else's. As I thought, it's just out of obligation...)"
Manager;「君は、今日クラブを休んでしまつたようなので、退部してもらう。;It seems like you were absent from the club today, so we will have you withdraw from it.
<PLAYER_NAME>;『クラブを、やめさせられてしまつた。;I was forced to quit the club.
<PLAYER_NAME>;『‥‥;It seems like you've entered a sequence of ellipses or a similar character. How can I assist you further?
<PLAYER_NAME>;『あつ、虹野さん。;"""Ah, Mr./Ms. Nijino."""
Nijino;「どうしたの？;"""What's wrong?"""
Nijino;「嬉しい。ありがとう。;Happy. Thank you.
<PLAYER_NAME>;『相手の高校は、第三高校だ。;The other person's high school is the Third High School.
<PLAYER_NAME>;『３月２４日に、ゲームセンターへ行かない？;Do you want to go to the game center on March 24th?
<PLAYER_NAME>;『それじゃ、３月２４日に、ゲームセンターの前で待ち合わせということで。;Then, let's meet in front of the game center on March 24th.
<PLAYER_NAME>;『今日は俺の誕生日だ。;Today is my birthday.
<PLAYER_NAME>;『⋯けど、誰にもプレゼントをもらえなかつた。;"""...but, I didn't receive a present from anyone."""
<PLAYER_NAME>;（さびしいなぁ。）;(I feel lonely.)
<PLAYER_NAME>;（明日から春休みだ）;(Tomorrow starts spring break.)
<PLAYER_NAME>;（それじゃ、ゲームセンターで、虹野さんを待つか。）;(Then, I'll wait for Mr. Nijino at the game center.)
Nijino;「私、こういう所にはほとんど来ないの。;"""I hardly ever come to places like this."""
Nijino;「本当。よく見ると結構いるね。;Indeed. If you look closely, there are quite a few.
<PLAYER_NAME>;『今日から、上級生だ。気を引き締めて、いこう。;Starting today, I'm an upperclassman. Let's tighten our spirits and go.
? ? ?;「こんにちは！<PLAYER_NAME>さん。;こんにちは！どのようにお手伝いできますか？
<PLAYER_NAME>;『？？あれ、どこかで会つたことある？;"""Wait, have we met somewhere before?"""
? ? ?;「さて、私は誰でしょう？;"""Now, who might I be?"""
<PLAYER_NAME>;（んー⋯。声は、聞いたことあるような⋯。）;Hmm... The voice sounds familiar...
? ? ?;「ブーッ制限時間終了です。私は⋯。;"""Buzz, the time limit is up. I am⋯."""
Yoshio;「おい、優美。何やつてたんだ？;"""Hey, Yumi. What were you doing?"""
? ? ?;「あつ、お兄ちゃん。;"""Ouch, big brother."""
Yoshio;「何だ、<PLAYER_SURNAME>。;"""What is it, YER?"""
Yoshio;「―緒にいたのか。;"""Was (I/you/he/she/it) with (you/me/them/him/her/it) from the beginning?"""
<PLAYER_NAME>;『お兄ちゃんつて、お前の妹か？;"""Big brother, is she your little sister?"""
Yoshio;「そうだよ。あれ、お前に話してなかつたつけ。;"""Yes, that's right. Oh, I haven't told you about that yet."""
<PLAYER_NAME>;『そんなの、聞いてないよ。（どうりで、声を聞いたことがあると思つた。）;"""I didn't hear about that. (No wonder I thought the voice sounded familiar.)"""
Yoshio;「今年から、うちの高校に通うことになつてたんだ。;This year, I've started attending our high school.
Saotome;「早乙女優美でーす。これから、よろしくね。先輩。;I'm Yumi Saotome. Nice to meet you from now on, senior.
Yoshio;「ほら帰るぞ。優美。;Let's go home, Yumi.
Saotome;「ブー、わかつたわよ。それじゃね、先輩。バイバーイ！;"""Boo, I got it. Well then, senior. Bye-bye!"""
<PLAYER_NAME>;（あいつの妹つて、あんな娘だつたのか⋯。うるさかつたな⋯。）;"""(So his sister was that kind of girl... She was so annoying...)"""
<PLAYER_NAME>;（あつ、優美ちゃんがいるぞ。;Ah, there's Yumi.
<PLAYER_NAME>;『おーい、優美ちゃん。;Hey there, Yumi-chan.
Saotome;「あつ、<PLAYER_NAME>さん今帰り？;Yes, are you heading home now, PLA-san?
Saotome;「うん、いいですよ。―緒に帰ろ。;Sure, that's fine. - Let's go home together.
<PLAYER_NAME>;（俺は、優美ちゃんと、楽しく下校した。）;I went home from school happily with Yumi-chan.
<PLAYER_NAME>;『５月３日に、きらめき中央公園へ行かない？;"""Do you want to go to Sparkle Central Park on May 3rd?"""
<PLAYER_NAME>;『今日は、池の方に行こうよ。;Let's go towards the pond today.
Nijino;「奇麗な池ね。日頃の疲れも吹つ飛びそう。;What a beautiful pond. It feels like it could blow away the fatigue of daily life.
Nijino;「それじゃ、ベンチに座つてお話しましょう。;Then, let's sit on the bench and talk.
Nijino;「今日は、とても楽しかつたわ。今度また誘つてくれる？;"""Today was really fun. Will you invite me again next time?"""
Nijino;「<PLAYER_SURNAME>君さあ、帰りましょう。;"""YER-kun, let's go home."""
<PLAYER_NAME>;『帰ろう。;Let's go home.
none;Ｔｒ;It looks like you started typing something but didn't finish. If you have a text or a word in Japanese that you'd like translated into English, please provide the full text.
Nijino;「<PLAYER_SURNAME>君？わ、私に、御用？;"""Yer-kun? Oh, do you need me for something?"""
<PLAYER_NAME>;『５月６日に、スタジアムへ行かない？;Do you want to go to the stadium on May 6th?
<PLAYER_NAME>;『それじゃ、５月６日に、スタジアムの前で待ち合わせということで。;Sure, let's meet in front of the stadium on May 6th.
<PLAYER_NAME>;『やつたー。５月６日が、楽しみだぜ。;Yatta! I'm looking forward to May 6th.
<PLAYER_NAME>;（それじゃ、スタジアムで、虹野さんを待つか。）;(Well then, I'll wait for Mr. Nijino at the stadium.)
Nijino;「ううん。私も、今来たところだから⋯。;"""Uh-uh. I've just arrived too..."""
Nijino;「野球見るのつて;"""That's fun to watch baseball."""
Nijino;「野球見るのつて、大好きなの。;I love watching baseball.
Nijino;「でも、男の子には実際にプレイしてもらいたいな。;But, I actually want the boys to play it.
Nijino;「男の子はその方がいいよ。今度応援してあげるね。;The boy said that would be better. I will support you next time.
<PLAYER_NAME>;『それじゃ、５月２６日に、動物園の前で待ち合わせということで。;So, let's meet in front of the zoo on May 26th.
Saotome;「そう言えば、もうすぐ体育祭ですね。;Speaking of which, the sports festival is coming up soon, isn't it?
<PLAYER_NAME>;『そう言えばそうだね。;That reminds me, that's true.
Saotome;「優美、すつごく頑張つちゃうんだ。;"""The elegant one, you're going to try really hard."""
<PLAYER_NAME>;『俺も、頑張つちゃおう。体調だけは整えておかなきゃね。;I'll also give it my best. Just have to make sure I keep my health in order.
Nijino;「あつ、<PLAYER_SURNAME>君。;"""Ouch, YER-kun."""
<PLAYER_NAME>;『虹野さん、どうしたの？;Mr./Ms. Nijino, what happened?
Nijino;「たまには―緒に帰らない？;Shall we go home together for once?
Nijino;「それじゃ、帰りましょう。;"""Then, let's head back."""
Nijino;「そう言えばもうすぐ体育祭ね。調子はどう？;Speaking of which, the sports festival is coming up soon, isn't it? How are you feeling?
<PLAYER_NAME>;『まあまあかな。;It's so-so, I guess.
Nijino;「当日の体調でもかなり結果が変わるから、注意しないとね。;"""Since your physical condition on the day itself can significantly change the outcome, you need to be careful."""
<PLAYER_NAME>;『そうだね。とりあえず、体調だけは整えておこう。;Yes, that's right. For now, let's just keep our health in check.
Nijino;「あとは、根性あるのみよ。;"It simply means, ""All that's left is to have guts."""
<PLAYER_NAME>;（怪我が治つた）;"""I've healed from the injury."""
<PLAYER_NAME>;（それじゃ、動物園で、虹野さんを待つか。）;"""Then, I guess I'll wait for Nijino-san at the zoo."""
Nijino;「今見てきたコアラ、可愛かつたね。;I just saw a koala, it was cute.
Nijino;「そ、そう⋯。好きじゃないんだ⋯。;That's right... I don't like it...
Nijino;「そ、そう？そこまでは、よく見てないから⋯。;"""Oh, really? I didn't look that closely there..."""
Nijino;「そう思うでしょう。でも、何だか根性は無さそうね⋯。;You might think so. But somehow, it seems like there's a lack of guts...
Nijino;「あつ、<PLAYER_SURNAME>君ちょつと聞きたいんだけど⋯。;Ah, YER-kun, I have something I want to ask you...
Nijino;「今度の日曜日空いてるかな⋯？;Do you happen to be free this coming Sunday...?
Nijino;「プロレスのチケットがあるんだけど⋯、―緒に行かない？;I have tickets for wrestling... Would you like to go together?
Nijino;「本当？良かつた。;Really? That's good.
<PLAYER_NAME>;『スタジアムの前で待ち合わせでいい？;"""Is it okay to meet in front of the stadium?"""
Nijino;「うん、それでいいわ。それじゃ。;Yes, that's fine. Then, see you.
<PLAYER_NAME>;（今度の日曜日だな。忘れないようにしなくつちゃ。）;"""That's this coming Sunday. I've got to make sure not to forget."""
<PLAYER_NAME>;『よし、次は、優美ちゃんとだ;Alright, next is with Yumi-chan.
Saotome;「<PLAYER_NAME>さん。あれぇ、どうしてこつちにいるんですか？;"""PLA-san. Ah, why are you over here?"""
<PLAYER_NAME>;（優美ちゃん、列を間運えてるみたい。）;It looks like Yumi-chan is getting the lines mixed up.
Nijino;「うれしい⋯。;I'm happy...
Nijino;「うれしい⋯。さぁ、踊りましょう。;"""I'm happy... Now, let's dance."""
Nijino;「―生懸命戦つてるのを見ると、応援したくなりますね。;Seeing them fight so hard makes you want to cheer for them, doesn't it?
Nijino;「うん。私も、そう思うわ。;Yes. I think so too.
Nijino;「今日は、付き合つてくれてありがとう。;Today, thank you for being with me.
<PLAYER_NAME>;『俺でよかつたらいつでも付き合うよ。;"""If you're okay with me, I'll always be there for you."""
<PLAYER_NAME>;『優美ちゃんのことについて知りたいんだけど。;You want to know about Yumi-chan, right?
Yoshio;「何だ、お前。優美に気があるのか？;"""What is it, you? Are you interested in Yumi?"""
<PLAYER_NAME>;『い、いや。そう言う訳じゃないけど⋯。;Um, no. It's not like that, but...
Yoshio;「別に隠さなくてもいいよ。へぇ、お前が優美をねぇ。よし、特別に教えてやろう。;"""You don't have to hide it. Oh, you're the one with Yumi, huh. Alright, I'll let you in on a special secret."""
<PLAYER_NAME>;『サンキュー。;Thank you.
Yoshio;「なんなら、俺が優美に言つてやろうか？;"""Do you want me to say it gracefully for you?"""
<PLAYER_NAME>;『だから、そんなんじゃないつて。;So, I'm saying it's not like that.
Yoshio;「まぁ、いいか。じゃ、頑張れよ。;Well, it's fine. Then, good luck.
<PLAYER_NAME>;『相手の高校は、宮前山高校だ。;The other person's high school is Miyamaeyama High School.
<PLAYER_NAME>;『あつ、虹野さん。来てくれたんだ。;Ah, Nijino-san. You came.
Nijino;「今日の試合、頑張つてね。;Good luck in today's game.
Nijino;「今日の試合、頑張つてね。私、―生懸命応援してるから。;"今日の試合、頑張ってね。私、一生懸命応援してるから。;""Good luck in today's game. I'm cheering for you with all my heart."""
<PLAYER_NAME>;『うん、俺も―生懸命頑張るよ。;Yeah, I'll do my very best too.
<PLAYER_NAME>;（よし、力が湧いてきたぞ。）;(Alright, I'm feeling energized.)
Nijino;「すごいわ！今日のＭＶＰよ！;Wow! You're the MVP today!
<PLAYER_NAME>;『虹野さんの応援のおかげだよ。;Thanks to Mr./Ms. Nijino's support.
Nijino;「そ、そんなことないよ。;"""That's not true at all."""
<PLAYER_NAME>;（練習のかいがあつたぜ。）;It paid off to practice.
<PLAYER_NAME>;（植物園かあ。そういえば詩織夜に羊を数える癖があつたなどこかで聞けたんだけど。）;"""(A botanical garden, huh. Come to think of it, I heard somewhere that Shiori had a habit of counting sheep at night.)"""
<PLAYER_NAME>;『７月７日に、植物園へ行かない？;Do you want to go to the botanical garden on July 7th?
<PLAYER_NAME>;『それじゃ、７月７日に、植物園の前で待ち合わせということで。;So, let's meet in front of the botanical garden on July 7th.
<PLAYER_NAME>;『やつたー。７月７日が、楽しみだぜ。;Yattaー. I'm looking forward to July 7th.
Nijino;「そう言えば、もうすぐテストね。調子はどう？;By the way, the test is coming up soon. How are you feeling?
<PLAYER_NAME>;『ぼちぼちかな⋯。;It's going so-so, I guess...
Nijino;「私もそうだけど、根性で乗り切るしかないね。;"""I feel the same way, but we just have to push through with guts."""
Nijino;「奇;"""Strange"""
Nijino;「奇麗なお花がたくさんあるね。;There are a lot of beautiful flowers.
Nijino;「うん。心の清涼剤かな。;Yes. It's like a mental refreshment, isn't it?
<PLAYER_NAME>;『よし、高速ジオメトリ演算理論の本を、プレゼントしよう。;Alright, let's give a book on high-speed geometry calculation theory as a present.
<PLAYER_NAME>;『それじゃ、電話で紐緒さんを呼び出そう。;Let's call Mr. Nyujo on the phone then.
<PLAYER_NAME>;『えつと⋯<PLAYER_NAME>つて言いますけど。;それは「えつと…PLAって言いますけど。」という文ですね。英語に訳すと、「Well… It's called PLA.」になります。
<PLAYER_NAME>;『あのさ、ちょつとした用事があるんだけど⋯。近所の公園に来れないかな？;"You know, I have a little errand... Could you come to the nearby park?"""
String;「研究で忙しいんだけど。まあ、いいわ。;I'm busy with research, but well, it's okay.
<PLAYER_NAME>;『さて、先に行つて待つてるか。;"""Well then, shall I go ahead and wait?"""
String;「待たせたわね。用件は、何？;Sorry for keeping you waiting. What do you need?
Saotome;「あーあ、やだなぁ。もうすぐテスト⋯。;Ah, I don't want to. The test is coming up soon...
<PLAYER_NAME>;『そういえば、そうだね。;By the way, that's right.
Saotome;「もう、テストなんて受けたくない。;I don't want to take a test anymore.
<PLAYER_NAME>;『でも、頑張るしかないね。;"""But we have no choice but to do our best, right?"""
Saotome;「それは、そうだけど⋯。;That's true, but...
<PLAYER_NAME>;『８月４日に、神社へ行かない？;Do you want to go to the shrine on August 4th?
<PLAYER_NAME>;『それじゃ、８月４日に、神社の前で待ち合わせということで。;So, let's meet in front of the shrine on August 4th.
<PLAYER_NAME>;（それじゃ、神社で、虹野さんを待つか。）;"""Then, shall I wait for Mr. Kouno at the shrine?"""
Nijino;「すごく賑やかね。;It's really lively, isn't it?
<PLAYER_NAME>;『浴衣がすごく似合うね。可愛いよ。;"""You look great in a yukata. You're cute."""
Nijino;「そ、そう？ありがとう。嬉しい⋯。;Yes, is that so? Thank you. I'm happy...
<PLAYER_NAME>;『それじゃあ、射的でもしょうか？;How about we go shooting then?
Nijino;「いいものが取れるように、頑張つてね。;Let's do our best to catch something good.
<PLAYER_NAME>;『取れたら虹野さんにあげるね;"""If I can get it, I'll give it to Ms. Nijino."""
Nijino;「取れて良かつたね。;Glad you got it.
<PLAYER_NAME>;（ボーリングかあ。）;"""(Bowling, huh?)"""
<PLAYER_NAME>;『８月２５日に、映画館へ行かない？;Do you want to go to the movies on August 25th?
Nijino;「あつ、<PLAYER_SURNAME>君。調子はどう？;Ah, YER-kun. How are you feeling?
<PLAYER_NAME>;『とりあえず、上達はしてると思うんだけど⋯。;"""Just for now, I think I'm improving..."""
Nijino;「自信を持つて。本当に上達してると思うから。;Be confident. I really think you are improving.
Nijino;「応援してるから。甲子園目指して、頑張つてね。;I'm rooting for you. Aim for Koshien and do your best.
<PLAYER_NAME>;『うん、頑張るよ。それじゃあ、練習に戻るか。;Yeah, I'll do my best. Well then, shall I go back to practice?
<PLAYER_NAME>;『何だこれ？ 悪趣味だな。もしかして、伊集院のか？金持ちのやる事はわからん。;What is this? It's in bad taste. Could it be Ijuin's? I don't understand the things rich people do.
<PLAYER_NAME>;『９月１日に、映画館へ行かない？;Would you like to go to the cinema on September 1st?
<PLAYER_NAME>;『それじゃ、９月１日に、映画館の前で待ち合わせということで。;Then, let's plan to meet in front of the movie theater on September 1st.
<PLAYER_NAME>;（それじゃ、映画館で、虹野さんを待つか。）;(Well, I'll wait for Mr. Nijino at the movie theater.)
Nijino;「‥;"It looks like you've entered ""‥"", which is a symbol used in Japanese writing to indicate a pause or a continuation of a sentence, similar to an ellipsis (...) in English. How may I assist you further?"
Nijino;「‥‥‥‥‥‥‥‥‥‥。;It seems like you've entered a series of ellipses (‥‥‥‥‥‥‥‥‥‥), which could indicate a pause or silence in Japanese. If you have a specific phrase or sentence in Japanese you'd like translated into English, feel free to share it!
<PLAYER_NAME>;『おーい、虹野さん⋯。待つてくれー。;Hey, Nijino-san... Wait for meー.
<PLAYER_NAME>;『やつぱり、この身なりじゃ、逃げられるよなぁ。;"""Yeah, with this appearance, I can indeed run away, huh."""
<PLAYER_NAME>;『しょうがない。家に帰るか。;"""It can't be helped. Should I go home?"""
Saotome;「そう言えば、もうすぐ修学旅行ですね。;By the way, the school trip is coming up soon, isn't it?
<PLAYER_NAME>;『そうだね。（場所は忘れちゃつたけど。）;"""That's right. (Though I forgot the place.)"""
Saotome;「お土産買つてきて下さいね。;Please bring back a souvenir.
<PLAYER_NAME>;『はいはい。;Yes, yes.
<PLAYER_NAME>;（明日から修学旅行だ）;"""(The school trip starts tomorrow.)"""
<PLAYER_NAME>;『今日から修学旅行だ。あれ、そういえば⋯。行き先はどこだつたつけ？;Today is the start of the school trip. Oh, now that I think about it... Where was the destination again?
<PLAYER_NAME>;「そうだ、思い出したぞ。北海道だ。;Ah, I remember now. It's Hokkaido.
<PLAYER_NAME>;「そうだ、思い出したぞ。北海道だ。ビシッと、決めてやるぜ。;Yes, I remembered. It's Hokkaido. I'll decide it firmly.
<PLAYER_NAME>;『と、言う訳で、あつという間に、北海道だ。;"It means, ""And with that, before you know it, it's Hokkaido."""
<PLAYER_NAME>;（そして、１日目が終了した。;And so, the first day came to an end.
<PLAYER_NAME>;『今日は、団体行動の日だ。;Today is the day for group activities.
none;【団体行動中】;"""[During group activities]"""
<PLAYER_NAME>;（２日目が終了した。なんかずつとバスの中にいたような気がする。）;The second day has ended. It kind of feels like I've been in a bus the whole time.
<PLAYER_NAME>;『今日は、札幌で朝から、自由行動だ。;Today, I have free time from morning in Sapporo.
Nijino;「<PLAYER_SURNAME>君、おはよう。;Good morning, YER-kun.
<PLAYER_NAME>;『あつ、虹野さん、おはよう。;Ah, Mr./Ms. Nijino, good morning.
Nijino;「<PLAYER_SURNAME>君。これから出かけるところ？;Are you going out now, Mr. YER?
<PLAYER_NAME>;『うん、そうだよ。;Yes, that's right.
Nijino;「ねえ、―緒に行く人がいないなら、私と―緒じゃ駄目？;"""Hey, if you don't have anyone to go with, is it not okay if it's with me?"""
Nijino;「じゃあ、ちょつと待つてて、準備してくるから。;Sure, just wait a little, and I will get ready.
<PLAYER_NAME>;『それじゃ、行こうか。;Then, shall we go?
<PLAYER_NAME>;『これが札幌のシンボル時計台か。;This is Sapporo's symbolic clock tower, isn't it?
Nijino;「こんなビルの真ん中に、こんな建物があるなんて不思議ね。;"""It's strange that there's a building like this right in the middle of such a building."""
<PLAYER_NAME>;『そろそろ、時間だし帰ろうか。;It's about time, so shall we go home?
Nijino;「そうね、そろそろ帰りましょう。;Sure, let's head home now.
<PLAYER_NAME>;『良かつたらさ、明後日の自由行動も―緒に行かないか？;"""If you're okay with it, would you like to go together for the free time the day after tomorrow?"""
Nijino;「うん、いいわよ。じゃあ、ホテルのロビーで待ち合わせしましょう。;Yes, that's fine. Let's meet in the hotel lobby then.
<PLAYER_NAME>;『あつ、丁度いい所に、詩織が現れたぞ。;Ah, just in the right place, Shiori appeared.
<PLAYER_NAME>;『詩織。;Shiori.
Fujisaki;「うん、大切にするわ。;Yes, I'll treasure it.
<PLAYER_NAME>;（まあまあ、喜んでもらえたなこんなもんかな⋯。）;(Well, I guess they are happy with this, such as it is...)
<PLAYER_NAME>;（そして、３日目が終了した。）;(And then, the third day came to an end.)
Yoshio;「よう。おい聞いてるか？;はい、聞いています。何をお手伝いしましょうか？
<PLAYER_NAME>;『なんだ。好雄か。;"""What is it? Is it Yoshihiro?"""
Yoshio;「虹野さんが、風邪でダウンしたらしいぜ。;It seems that Mr. Nijino has come down with a cold.
<PLAYER_NAME>;『えつ、虹野さんが？;Yes, Mr./Ms. Nijino?
Yoshio;「おまえが昨日、無理させたんじゃないのか？;"""Isn't it you who pushed too hard yesterday?"""
<PLAYER_NAME>;『俺は、何もしてないぞ。;I didn't do anything.
Yoshio;「ふーんそうなのか？でも、―応虹野さんのところに顔出しておけよ。;"""Hmm, is that so? But, make sure to show your face at Mr. Ouniji No's place."""
<PLAYER_NAME>;『わかつたよ。じゃあな。;Understood. See ya.
<PLAYER_NAME>;『もう、消灯の時間だ。;It's already lights-out time.
<PLAYER_NAME>;『しょうがないな。虹野さんの様子が気になるけど、寝るか。;"""It can't be helped. I'm worried about how Nijino-san is doing, but I guess I'll go to sleep."""
<PLAYER_NAME>;（４日目が終了した。明日は、自由行動だ。）;The fourth day has come to an end. Tomorrow is free time.
<PLAYER_NAME>;『今日は、自由行動の日だ。虹野さんと、―緒に行く約束なんだけど⋯。;"""Today is a day of free action. I have a promise to go together with Mr. Nijino, but..."""
<PLAYER_NAME>;『昨日、好雄に風邪でダウンと聞いたけど、そんなにひどかつたんだ。;Yesterday, I heard that Yoshio was down with a cold, but it seems it was quite bad.
<PLAYER_NAME>;『虹野さん。<PLAYER_NAME>だけれど。大丈夫？;Mr./Ms. Nijino. It's PLA (or could be referring to something specific contextually). Is it okay?
<PLAYER_NAME>;『返事がないぞ。ま、まさか。;There's no response. No, no way.
<PLAYER_NAME>;『に、虹野さん大丈夫？;Yes, Mr./Ms. Nijino, are you okay?
Nijino;「あつ、<PLAYER_SURNAME>君。どうしてここにいるの？;Ah, YER-kun. Why are you here?
<PLAYER_NAME>;『虹野さんが、病気なのに―人でなんか行けないよ。;Mr./Ms. Nijino is ill, so there's no way they can go alone.
Nijino;「えつ⋯。;"""Eh..."""
<PLAYER_NAME>;『そうだ。タオル濡らして来ようか。;Sure. Should I wet the towel and bring it?
Nijino;「ううん。平気だから。自分でやるからいいわよ。;Oh, no need. I'm fine. I'll do it myself.
<PLAYER_NAME>;『そんなことないよ。いいから、虹野さんは、横になつてて。;"""That's not true. It's okay, Nijino-san, please lie down."""
Nijino;「それじゃ、お願いしようかな。;In that case, I suppose I should ask for your favor.
<PLAYER_NAME>;『はい。;Yes.
Nijino;「つつ、冷たい。;Cold to the touch.
<PLAYER_NAME>;『どう、気持ち良い？;"""How does it feel?"""
Nijino;「うん。ありがとう。;Yes. Thank you.
<PLAYER_NAME>;『今日は、ずつとそばにいるから、安心して眠つてて。;"""Today, I'm always by your side, so you can sleep in peace."""
Nijino;「ずつと、風邪、ひいていたいな⋯。;"""I've been wanting to catch a cold all this time..."""
<PLAYER_NAME>;『えつ？。今なんて⋯。;"""えっ？今、何て…。"" translates to ""Huh? What did you say just now...?"""
Nijino;「な、何も⋯。;Nothing...
<PLAYER_NAME>;（そし;"That looks like the beginning of a word or phrase in Japanese, but ""そし"" on its own doesn't give me enough context to provide a translation. Could you provide more context or the complete phrase you'd like translated?"
<PLAYER_NAME>;『今日は、最終日。もうすぐ修学旅行も終わりだ。;Today is the last day. The school trip will be over soon.
<PLAYER_NAME>;『ああ、疲れた⋯。やつと着いたよ。修学旅行も終わりだ。;Ah, I'm tired... Finally arrived. The school trip is over.
<PLAYER_NAME>;『すごく、思い出深い修学旅行だつたな。;It was a very memorable school trip.
<PLAYER_NAME>;『相手の高校は、近衛高校だ。;The other person's high school is Konoe High School.
Nijino;「そう言;"""That's what you say."""
Nijino;「そう言えば、もうすぐ文化祭ね。;By the way, the cultural festival is coming up soon, isn't it?
Nijino;「―緒に見学できるかな⋯？;"""Can we visit together...?"""
<PLAYER_NAME>;『できるといいね。;"""It would be nice if you could do it."""
Nijino;「もう上映時間よ。早く中に入りましょう。;It's already showtime. Let's hurry inside.
Nijino;「あそこが空いてるみたいよ。;It looks like that spot is vacant.
<PLAYER_NAME>;（睡;"""Sleep"""
<PLAYER_NAME>;（睡拳．痛は、香港おとくいのカンフーアクション映画だ。;"""Sleeping Fist. The Pain is a Hong Kong specialty Kung Fu action movie."""
none;「只今の;"""Just now"""
none;「只今の上映を持ちまして、本日の上映を終了いたします。;"""With the current screening, we will conclude today's showings."""
none;『今の映画、つまらなかつたね？』『今の映画、面白かつたね？』『今の映画、まあまあだつたね？』;"""The movie just now was boring, wasn't it?"" ""The movie just now was interesting, wasn't it?"" ""The movie just now was so-so, wasn't it?"""
Nijino;「私は、わりと好きな映画かな⋯。;"That could be translated to: ""I guess it's a movie I kind of like..."""
Saotome;「<PLAYER_NAME>さんちょつと聞きたいんですけど⋯。;"Sure, how can I help? You said, ""PLA-san, I have something I'd like to ask..."""
<PLAYER_NAME>;『優美ちゃん。どうしたの？;Yumi-chan. What happened?
Saotome;「今度の日曜日空いてますか⋯？;Are you free this Sunday…?
Saotome;「野球のチケットがあるんですけど、―緒に行きませんか？;"""Do you want to go to a baseball game together? I have tickets."""
Saotome;「やつたー。それじゃ、絶対、約束ですよ。;Yatta! Well then, it's absolutely a promise.
Saotome;「うん、それでいいです。それじゃ。;Yes, that's fine. Then, see you.
<PLAYER_NAME>;（最近女の子の間で変な噂が流れているらしい⋯;It seems there's a strange rumor going around among the girls lately...
<PLAYER_NAME>;（今日は、優美ちゃんとデートだ;Today, I have a date with Yumi-chan.
<PLAYER_NAME>;（それじゃ、スタジアムで、優美ちゃんを待つか。）;(Then, I'll wait for Yumi-chan at the stadium.)
Saotome;「ううん。優美も、今来たところです。;No, Yumi has just arrived as well.
Saotome;「早く、見ようよー。;Let's look at it quickly!
Saotome;「野球つて面白い？;"""Is baseball fun?"""
Saotome;「うん。優美もダーイ好き。;Yeah. Yumi also loves [it] a lot.
Saotome;「今日はありがとうございました。;"""Thank you very much for today."""
Saotome;「<PLAYER_NAME>さん―緒に、帰りましょ。;Let's go home together, PLA-san.
<PLAYER_NAME>;『１０月１３日に、ボーリング場へ行かない？;Would you like to go to the bowling alley on October 13th?
<PLAYER_NAME>;『それじゃ、１０月１３日に、ボーリング場の前で待ち合わせということで。;So, let's meet in front of the bowling alley on October 13th.
Saotome;「あつ、<PLAYER_NAME>さん。;Hot, PLA-san.
Saotome;「優美と、―緒に帰りませんか？;"""Would you like to go home together with Yuubi?"""
Saotome;「やつたーつ。それじゃ、―緒に帰りましょう。;"""Yatta-tsu. Sore ja, issho ni kaerimashou.""

Translated to English, it means: ""Did it—. Well then, let's go home together."""
Saotome;「そう言えば、もうすぐ文化祭ですね。;Speaking of which, the cultural festival is coming up soon, isn't it?
Saotome;「―緒に見学したいなぁ。;"""I'd like to go see it together."""
Nijino;「ねえ、―緒に見学する人がいないんなら、私と―緒に見学しない？;Hey, if you don't have anyone to tour with, won't you tour with me?
Nijino;「本当？あ、じゃあ、どこに行こうか？;"""Really? Oh, then, where shall we go?"""
Nijino;「ち;"""Chi"""
Nijino;「ちょうど演奏が始まるみたいね。;It seems like the performance is just starting.
Nijino;「面白い曲だつたね。おかしかつたぁ。;"""It was an interesting song, wasn't it? It was funny."""
<PLAYER_NAME>;『本当、変な曲だつたね。でも、こういう曲大好きなんだ。;Yeah, it was really a strange song, wasn't it? But, I love this kind of song.
Nijino;「私もこういう曲好きだよ。;I like these kinds of songs too.
<PLAYER_NAME>;『良かつた。それじゃあ、そろそろ帰ろうか？;It was good. Then, shall we head home soon?
<PLAYER_NAME>;（それじゃ、ボーリング場で、虹野さんを待つか。）;(Well then, shall we wait for Mr. Nijino at the bowling alley?)
Nijino;「なかな;"""Nakana"" in this context might not provide enough information for a precise translation as it could be part of a larger sentence or phrase. However, it might be an informal or short form expression meaning ""it's not"" or ""isn't"". For a more specific translation, additional context or a complete sentence would be helpful."
Nijino;「なかなかストライクが取れないね。;It's quite difficult to get a strike, isn't it?
Nijino;「そうよね。うん、頑張る。;That's right. Yeah, I'll do my best.
Ijuin;「庶民は無駄な努力をしたがるものだな。;The commoners seem to want to make unnecessary efforts.
Fujisaki;「ハイ、藤崎です。;Hi, this is Fujisaki.
Fujisaki;「え、<PLAYER_SURNAME>君？！どうしたの今日は？;Oh, YER-kun?! What's going on today?
<PLAYER_NAME>;『１１月１０日に、美術館へ行かない？;Do you want to go to the museum on November 10th?
Fujisaki;「えーとね⋯。ごめんなさい。その日は、用事があるの。せつかく誘つてくれたのに⋯。;"""Um... I'm sorry. I have plans that day. Even though you went out of your way to invite me..."""
<PLAYER_NAME>;『い、いいよ。気にしてないから。;Sure, it's fine. I don't mind.
Fujisaki;「また、今度誘つてね。;Please invite me again next time.
<PLAYER_NAME>;『うん、そうする。じゃ、また。;Yeah, I'll do that. See you then.
Fujisaki;「<PLAYER_SURNAME>君？今日は、何？;"""YER-kun? What is it today?"""
<PLAYER_NAME>;『１１月２３日に、植物園へ行かない？;Do you want to go to the botanical garden on November 23rd?
Fujisaki;「そうね。お隣同士だし、―緒に帰りましょうか。;Sure. Since we're neighbors, shall we go home together?
<PLAYER_NAME>;（俺は、詩織と、楽しく下校した。）;"""I happily walked home with Shiori."""
<PLAYER_NAME>;（プラネタリウムかあ。）;(Planetarium, huh.)
<PLAYER_NAME>;『１２月１日に、プラネタリウムへ行かない？;Do you want to go to the planetarium on December 1st?
<PLAYER_NAME>;『あつ、詩織。どうしたの？;Ah, Shiori. What's wrong?
Fujisaki;「ねぇ、今度の日曜日、空いてるかな⋯？;Hey, are you free this coming Sunday...?
Fujisaki;「映画のチケットが２枚あるんだけど、―緒に行かない？;I have two movie tickets, do you want to go together?
Fujisaki;「本当？それじゃ、えーと⋯。;Really? In that case, um...
<PLAYER_NAME>;『映画館の前で待ち合わせでいい？;"""Is it okay to meet in front of the cinema?"""
Fujisaki;「うん、それでいいわ。忘れないでね。;Yes, that's fine. Don't forget, okay?
<PLAYER_NAME>;（あつ、紐緒さんがいるぞ。）;(Ah, there's Himoo-san.)
<PLAYER_NAME>;『おーい、紐緒さん。;Hey, Mr./Ms. Nio.
String;「‥‥‥‥‥。;"""....."""
<PLAYER_NAME>;『あれ、走つて行つちゃつた。;"""Oh, he ran off."""
<PLAYER_NAME>;（もしかして、紐緒さんを知らず知らずのうちに傷つけてたのかな⋯。）;(Maybe I've been unknowingly hurting Mr./Ms. Nio...)
<PLAYER_NAME>;（今日は、詩織とデートだ）;(Today, I have a date with Shiori.)
<PLAYER_NAME>;（それじゃ、映画館で、詩織を待つか。）;(Well then, I'll wait for Shiori at the movie theater.)
Fujisaki;「私も今来たところよ。;"""I just got here too."""
Fujisaki;「あつ、上映時間よ。早く中に入りましょう。;Oh, it's time for the screening. Let's hurry inside.
Fujisaki;「あそこが空いてるわ。座りましょう。;There's a spot open over there. Let's sit down.
<PLAYER_NAME>;（愛の;"""Love"""
<PLAYER_NAME>;（愛のメロディーは、少年と少女の淡い恋を描いたラブロマンスだ。）;"""The melody of love is a love romance that depicts the faint love between a boy and a girl."""
Fujisaki;「私は面白かつたと思うな。あなたも、好きになるといいね。;"""I think it was interesting. I hope you come to like it too."""
Fujisaki;「今日は、付き合つてくれて、本当にありがとう。;Today, thank you so much for spending time with me.
Fujisaki;「それじゃ、帰りましょう。<PLAYER_SURNAME>君。;"""Well then, let's go home, YER-kun."""
<PLAYER_NAME>;『相手の高校は、明和高校だ。;The other person's high school is Meiwa High School.
<PLAYER_NAME>;『紐緒さんのことについて知りたいんだけど。;"""紐緒さん""について、何を知りたいですか？彼女や彼の職業、趣味、または特定のエピソードなど、具体的な内容があれば教えてください。"
<PLAYER_NAME>;『それじゃ、１２月２９日に、プラネタリウムの前で待ち合わせということで。;So, let's meet in front of the planetarium on December 29th.
<PLAYER_NAME>;『やつたー。１２月２９日が、楽しみだぜ;Yay! I'm looking forward to December 29th!
Tonoi;「レイ様のお友達で、いらつしゃいますか？;Are you a friend of Lord Rei?
Tonoi;「また来て下さつたのですね。こんな事しかできませんが、どうぞお入りください。;You've come again, haven't you? This is all I can do, but please come in.
<PLAYER_NAME>;『なんか、やだなぁ⋯。;I feel kind of bad...
<PLAYER_NAME>;『毎年同じ事言つてるんじゃねぇの？;"""Are you saying the same thing every year?"""
<PLAYER_NAME>;『聞こえなかつたのか？頭悪いんじゃねぇ？;"""Couldn't you hear? Are you stupid or something?"""
Ijuin;「失礼な。ま、所詮は庶民の遠吠え、僕には蚊ほどにも感じんがね⋯。;How rude. Well, it's nothing but the distant howling of the commoners to me, I barely feel it as much as a mosquito bite...
<PLAYER_NAME>;『嫌なやつだなぁ⋯。;He's such an unpleasant guy...
Ijuin;「１年に１回だけのぜい沢を、思う存分に味わつていつてくれたまえ。;Please enjoy to your heart's content the luxury that comes only once a year.
Ijuin;「１年に１回だけのぜい沢を、思う存分に味わつていつてくれたまえ。はーつはつはつはつ。では、失礼するよ。;"""Please fully enjoy the luxury that comes only once a year. Ha ha ha ha ha. Well then, I shall take my leave."""
Saotome;「あつ、<PLAYER_NAME>さん招待されてたんですね。;Ah, it seems Mr. PLA was invited.
<PLAYER_NAME>;『優美ちゃんも、来てたのか。;Yumi-chan was here too, huh?
none;しばらく優美ちゃんと話し込んだ;I had a long talk with Yumi-chan.
Saotome;「同級生のお友達と来てるから、そろそろ、行かなくちゃ。;I'm here with a classmate friend, so I must be going soon.
none;紐緒さんのプレゼントだ！ノート型スーパーコンピュータ！使えるかなぁ⋯;It's Mr. Nawa's present! A notebook-type supercomputer! I wonder if I can use it...
<PLAYER_NAME>;（それじゃ、プラネタリウムで、紐緒さんを待つか。）;(Well then, I'll wait for Mr. Nyujo at the planetarium.)
String;「‥‥;It seems like you've entered a series of dots or an ellipsis. If you have any Japanese text you'd like translated into English, please provide it, and I'll be happy to help!
<PLAYER_NAME>;『おーい、紐緒さん⋯。待つてくれー。;Hey, Mr./Ms. Nio... Wait for me!
<PLAYER_NAME>;（やつた！虹野さんと、優美ちゃんから、年賀状をもらつたラッキー。;Ya! I received New Year's cards from Nijino-san and Yumi-chan. Lucky!
none;ピンポーン;"""Pinpōn"" - It translates to the sound of a doorbell, similar to ""Ding dong"" in English."
<PLAYER_NAME>;『あれ、お客さんかな？はーい。;Oh, is that a customer? Yes, coming!
<PLAYER_NAME>;『あつ、虹野さん。明けまして、おめでとう。新年早々、どうしたの？;Oh, Mr. Nijino. Happy New Year. What brings you here so early in the new year?
Nijino;「暇だつたらでいいんだけど、これから初詣に行かない？;"""If you're free and it's okay with you, would you like to go to the first shrine visit of the new year with me now?"""
Nijino;「じゃあ、行きましょう。;Let's go then.
<PLAYER_NAME>;（何を;"""What"""
Nijino;「わ、私は、クラブの事かな⋯。;Wow, I wonder if it's about the club...
Nijino;「そ、そうですね。;Yes, that's right.
<PLAYER_NAME>;（さて;"""Now"" or ""Well then"""
none;大凶だ．．．;It's terrible luck...
<PLAYER_NAME>;（新年早々、つ;"""Early in the New Year,"""
<PLAYER_NAME>;（新年早々、ついてないな⋯。）;(Not off to a good start for the new year...)
Nijino;「こういうの出すほうが、珍しいから、運がいいんじゃないかな。;"This might mean, ""Offering something like this is rare, so maybe it's good luck."""
<PLAYER_NAME>;『虹野さんはどうだつたの？;How was Nijino-san?
Nijino;「わ、私のもそんなにいいわけじゃないから⋯。;"""Wow, mine is not that good either..."""
<PLAYER_NAME>;『は、はーん。大吉だね？;"Yes, that means ""Wow, it's excellent luck, isn't it?"""
Nijino;「えつ？そんなに良くないよ。;"""Huh? It's not that good."""
<PLAYER_NAME>;『あ、ＵＦＯ。;Oh, a UFO.
Nijino;「えつ？;"""What?"""
<PLAYER_NAME>;『取ーつた。;"It translates to ""I took."""
Nijino;「あつ、見ちゃ駄目。;Oh, you shouldn't look.
<PLAYER_NAME>;『やつぱり、大吉じゃないか。;Indeed, it's excellent luck.
Nijino;「ご、ごめんなさい⋯。;I'm sorry...
<PLAYER_NAME>;『い、いや。気を使つてくれて、ありがとう。;No, no. Thank you for being considerate.
Nijino;「今;Now
Nijino;「今年は、とてもいい年になりそう。;This year seems like it's going to be a very good year.
<PLAYER_NAME>;『本当、そうだといいね。;It really would be nice if that's the case.
Nijino;「うん、きつとそうなるわ。だつて⋯。さあ、帰りましょう。;Sure, that's how it will be. Because... Well, let's go home.
<PLAYER_NAME>;『そうだね。帰ろう。;That's right. Let's go home.
Nijino;「お花つて雰囲気を明るくするよね。;Flowers really brighten up the atmosphere, don't they?
<PLAYER_NAME>;『よし、台所掃除セットを、プレゼントしよう。;Alright, let's give a kitchen cleaning set as a present.
Nijino;「わ、私に用？;Do you need me?
Nijino;「知つてたんだ⋯。嬉しい⋯。ねぇ、開けてもいい？;I knew it... I'm happy... Hey, can I open it?
Nijino;「嬉しい、大切にするね。;"""I'm happy, I'll cherish it."""
Nijino;「今日;"""Today"""
<PLAYER_NAME>;『１月２６日に、美術館へ行かない？;"""Do you want to go to the museum on January 26th?"""
<PLAYER_NAME>;『それじゃ、１月２６日に、美術館の前で待ち合わせということで。;So, let's meet in front of the museum on January 26th.
<PLAYER_NAME>;（それじゃ、美術館で、虹野さんを待つか。）;(Then, I'll wait for Nijino-san at the museum.)
Nijino;「絵がたくさんあるね。;There are a lot of pictures.
Nijino;「えつ、似てるかな？でもこんなに美人じゃないよ。;"""Hmm, do I look like her? But I'm not as beautiful."""
Nijino;「―体何を見に来たの？;"""What did you come to see with such a body?"""
Nijino;「絵の事はよくわからないけど、いいと思うな。;"""I don't really understand about paintings, but I think they're good."""
<PLAYER_NAME>;『２月１１日に、ショッピング街へ行かない？;Do you want to go to the shopping street on February 11th?
Nijino;「これ可愛いね？;That's cute, isn't it?
Nijino;「ありがとう。お世辞でも、嬉しいわ。;"""Thank you. Even if it's just flattery, I'm happy."""
Yoshio;「もしもし、早乙女ですけど。;"""Hello, this is Saotome."""
Yoshio;「何だ、元気ないな⋯。;What's wrong, you seem down...
<PLAYER_NAME>;『いや、ちょつとな。;No, wait a moment.
Yoshio;「さつき、小耳に挟んだんだけど⋯。;Satsuki, I heard a little bit of something...
<PLAYER_NAME>;（どうやら好雄の話では、俺が紐緒さんを、傷つけたといううわさが、流れてたそうだ。）;(It seems that, according to Yoshihiro's story, there was a rumor going around that I had hurt Mr. Nio.)
<PLAYER_NAME>;（これからは、もつと好雄に電話して、自分の評価をチェックしなきゃなー。その時、変なマークが、付いていたら、要注意だな。;From now on, I gotta call Katsuo more and check my evaluation. At that time, if there's a strange mark, I'll need to be careful.
Yoshio;「早く何とかしたほうがいいぜ。じゃあな。;You better do something about it quickly. See ya.
Ijuin;「今日はバレンタインだね。毎年の事だが、全くまいつてしまうよ。;Today is Valentine's. It happens every year, but I'm completely overwhelmed by it.
Ijuin;「ほら見たまえ。今年もあれだ⋯。;Look at that. This year too, it's the same...
Ijuin;「処分に困つてるんだ。よかつたら半分持つていつてくれないか？;"""I'm having trouble disposing of it. If it's okay with you, could you take half of it?"""
<PLAYER_NAME>;『いらねえよ。;"That means ""I don't need it."""
Ijuin;「欲しかつたらいつでも言つてくれたまえ。それじゃあまた。はーつ、はははははは⋯。;"""If you ever want it, just let me know. See you then. Haha, hahaha...""

(Note: The text uses old-style kana usage ""つた"" and ""つて"" instead of the modern ""った"" and ""って"". It also artificially extends the laughter with ""はーつ"".)"
<PLAYER_NAME>;『いい加減にしろよ。;"""Quit messing around."""
Saotome;「<PLAYER_NAME>さんお兄ちゃんの友達だから、チョコレートあげる。;Because you're big brother's friend, I'm giving you chocolate.
<PLAYER_NAME>;『あ、ありがとう。優美ちゃん。;Ah, thank you, Yumi-chan.
Nijino;「あつ、<PLAYER_SURNAME>君これ、チョコレート。;Ah, YER-kun, this is chocolate.
<PLAYER_NAME>;『あ、ありがとう。でも、どうしたの？眠そうだね。;Ah, thank you. But, what's wrong? You look sleepy.
Nijino;「このチョコレートを作るのに、朝までかかつちゃつて⋯。;I spent until morning making this chocolate...
<PLAYER_NAME>;『あ、朝まで？それじゃ、勿体無くて食べれないね。;Oh, until morning? Then, it's too precious to eat, isn't it?
Nijino;「でも、食べてもらいたいから、心を込めて⋯。あつ、も、もう行くね。;"""But, I want you to eat it, so with all my heart... Oh, I'm, I'm going to go now."""
<PLAYER_NAME>;『あつ、虹野さん？行つちゃつた⋯。;Oops, Mr./Ms. Nijino? He/She left...
<PLAYER_NAME>;（それにしても、朝までか⋯。最高に、嬉しいぜ。）;(Even so, until the morning... I'm super happy.)
<PLAYER_NAME>;（カラオケかあ。）;(Karaoke, huh.)
Nijino;「ごめんなさい。ちょつと、準備に手間取つて⋯。;I'm sorry. I was a bit held up with the preparations...
Nijino;「今日はお弁当を作つてきたの。―緒に食べましょう。;Today, I made a bento (lunchbox). Let's eat together.
<PLAYER_NAME>;『本当？嬉しいな。;Really? I'm so happy.
Nijino;「はい、どうぞ。時間をかけて作つたから、おいしいと思うんだけど。;Yes, please go ahead. I think it's delicious because I took my time making it.
<PLAYER_NAME>;『それじゃ、遠慮なくいただきます。;Then, I will have it without reserve.
Nijino;「ど、どう？;"""How, how is it?"" or ""So, how is it?"""
<PLAYER_NAME>;『う、うつ⋯。;"""I'm depressed..."""
Nijino;「えつ、どうしたの？大丈夫？;"""What happened, Etsu? Are you okay?"""
<PLAYER_NAME>;『うまい。;Tasty.
Nijino;「び、びつくりさせないでよ。本当に心配したんだから。で、味はどう？;Don't surprise me like that. I was really worried. So, how does it taste?
<PLAYER_NAME>;『冗談抜きで、おいしいよ。虹野さんつて、料理の天才だね。;No kidding, it's delicious. Mr. Nijino, you're a genius at cooking.
Nijino;「そ、そんなことないよ。ありがとう。;"""No, that's not true. Thank you."""
<PLAYER_NAME>;『時間をかけたつて、どのぐらいかけたの？;"""How much time did it take, even though you spent time on it?"""
Nijino;「朝の５時に起きて、作り始めたから⋯。;I woke up at 5 in the morning and started making it...
<PLAYER_NAME>;『そ、そんなに早起きして、作つてくれたんだ。ありがとう。;Yes, you woke up so early to make this for me. Thank you.
Nijino;「いいの。私、料理好きだし⋯。それにおいしいつて言われるのは嬉しいし⋯。;Sure. I like cooking... Besides, I'm happy when people say it's delicious...
<PLAYER_NAME>;『いいねぇ。お嫁さんに欲しいくらいだよ。;That's nice. I'd want her as a wife.
Nijino;「えつ⋯？あつ、たくさんあるから、どんどん食べてね。;Uh...? Oh, there's a lot, so feel free to eat as much as you like.
<PLAYER_NAME>;（こんなおいしい手作りのお弁当が食べれて俺は幸せ者だなぁ。）;"""I'm such a lucky person to be able to eat such delicious homemade bento."""
String;「ああ、<PLAYER_NAME>君。私に、何か用？;Ah, PLA-kun. Do you need something from me?
Saotome;「そう言えば、もうすぐ春休みですね。何か予定はあるんですか？;By the way, spring break is coming up soon, isn't it? Do you have any plans?
<PLAYER_NAME>;『んー？特に無いなぁ。優美ちゃんは？;"""Hmm? I don't particularly have one. How about you, Yumi-chan?"""
Saotome;「優美も無いの。;"That means ""There is no grace."" or ""It is not graceful."""
<PLAYER_NAME>;『春休みは短いからね。;Spring break is short, isn't it?
<PLAYER_NAME>;『あれ、この前もぶつかつたよね。;Oh, we bumped into each other before, didn't we?
Mysterious Woman;「えつ、そうかな？でも、忘れちゃつた。それじゃ⋯。;"""Hmm, really? But, I forgot. Well then..."""
<PLAYER_NAME>;『やつぱり、あの娘だよ。;"""Yeah, it's that girl after all."""
Ijuin;「バレンタインのお返しは持つてきたのかね。;"""Did you bring back a return gift for Valentine's?"""
<PLAYER_NAME>;『持つてきたに決まつてるだろ;"""You must have brought it with you, right?"""
Ijuin;「ほう⋯。まぁ、頑張りたまえ。;Oh... Well, do your best.
Nijino;「<PLAYER_SURNAME>君。私に用？;Mr. Yer. Do you need me?
Nijino;「えつ？ありがとう。嬉しい⋯。;"""Oh? Thank you. I'm happy..."""
<PLAYER_NAME>;『良かつた。喜んでもらえて。;"It means ""I'm glad. Happy to have pleased you."" in English."
Nijino;「でも、こんないいもの貰つちゃ悪いわ。;"""But, it feels wrong to receive such a nice thing."""
<PLAYER_NAME>;『虹野さんの手作りチョコおいしかつたから、そのお礼だよ。;Mr./Ms. Nijino's handmade chocolate was delicious, so this is a thank you for that.
Nijino;「あ、ありがとう。その言葉が―番嬉しい。それじゃ、もう授業が始まるから。;Ah, thank you. Those words are the happiest for me. Well then, because classes are starting now.
<PLAYER_NAME>;（すごく喜んでくれたな。あげてよかつた。）;(They were really happy. I'm glad I gave it to them.)
Mysterious Woman;「ごめーん。待つた？;Sorry. Did you wait?
<PLAYER_NAME>;『えつ？;"""What?"""
Mysterious Woman;「あつ⋯。ごめんなさい。人運いでした。;It's hot⋯. I'm sorry. It was crowded with people.
<PLAYER_NAME>;『あの娘、学校でもぶつかつてくるよな⋯。;"""That girl, she bumps into me at school too, doesn't she..."""
String;「別に、待つてないわ。;I'm not particularly waiting.
String;「そろそろ、実験の季節ね。;It's about time for the season of experiments.
<PLAYER_NAME>;『そ、そんな季節あるの？;"""Is there really a season like that?"""
String;「早く座りなさいよ。;"""Sit down quickly."""
String;「あれは何つていう星座かわかる？;"それは ""What constellation is that?"" という意味です。"
String;「これが、白鳥座？笑わせるわね。;"""This is the Cygnus? You're making me laugh."""
String;「疲れただけね。;"""I'm just tired."""
<PLAYER_NAME>;『あつ、虹野さん。どうしたの？;"""Ah, Nijino-san. What happened?"""
Nijino;「今日、誕生日でしょう？これ、プレゼントなんだけど。;Today is your birthday, right? This is a present for you.
<PLAYER_NAME>;『えつ、俺に？;Yes, to me?
Nijino;「受け取つてくれるかな。;"""Would you receive it?"""
<PLAYER_NAME>;『もちろんだよ。;Of course.
Nijino;「良かつた。;That's good.
<PLAYER_NAME>;（虹野さんにプレゼントをもらえるなんて、おれは幸せ者だー！）;(I'm so lucky to receive a present from Nijino-san!)
<PLAYER_NAME>;『３月３０日に、遊園地へ行かない？;Do you want to go to the amusement park on March 30th?
<PLAYER_NAME>;『今日から、俺も３年生だ。;Starting today, I'm also a third-year student.
<PLAYER_NAME>;『卒業まで、あと―年か⋯。詩織の理想に届くには⋯。;Just a little more until graduation... To reach Shiori's ideals...
<PLAYER_NAME>;『勉強が全然足りないな。;I'm not studying enough.
<PLAYER_NAME>;『ちょつとかつこ悪いよな。;"""It's a bit uncool, isn't it?"""
<PLAYER_NAME>;『でも、虹野さんとは仲良くやつていけそうかな。;"""But I think I might be able to get along well with Mr./Ms. Nijino."""
<PLAYER_NAME>;『とにかく、頑張らねば。;Anyway, I have to do my best.
<PLAYER_NAME>;『あつ、そう言えば進路相談があるんだ。職員室へ行かなきゃ。;Oh, speaking of which, I have a career consultation. I have to go to the staff room.
<PLAYER_NAME>;（俺の進路は、どうしようかな？）;"""What should I do about my career path?"""
<PLAYER_NAME>;『それじゃあ、誰の進路を調べようかな。;Let's see whose career path we should look into.
<PLAYER_NAME>;『えーと、虹野さんは、料理の専門学校に進学かぁ。;"""Let's see, Mr./Ms. Nijino is going on to a culinary school, huh."""
<PLAYER_NAME>;『俺は、就職したい。;"""I want to get a job."""
<PLAYER_NAME>;（俺は先生に、進路の希望を伝えた。）;"""I told my teacher about my career aspirations."""
teacher;「お前の今の学力だつたら、頑張らないと、どこにも就職できないぞ！;"""If you keep your academic abilities as they are now, you won't be able to get a job anywhere if you don't work hard!"""
<PLAYER_NAME>;『ガーン。;"""Oh no."""
<PLAYER_NAME>;（あつ、向こうでヒーローショーをやつてるぞ。）;(Oh, they're doing a hero show over there.)
<PLAYER_NAME>;『虹野さん、ヒーローショー見に行かないか？;Mr. Nijino, do you want to go see a hero show?
Nijino;「えつ、ヒーローショーですか？そ、そうですね⋯。;Yes, it's a hero show, isn't it? Yes, that's right...
Nijino;「子供と―緒に見て;"""To watch together with the child"""
Nijino;「子供と―緒に見てるのが、恥ずかしくつて⋯。;"""It's embarrassing to watch with a child..."""
Nijino;「それでも、気になつちゃうな。;"""Even so, I'm still curious/worried about it."""
Nijino;「これは、かなり怖そうね。;That seems quite scary, doesn't it?
<PLAYER_NAME>;『大丈夫だよ。さあ、乗ろう。;It's alright. Come on, let's get on.
Nijino;「す、すごいね。私はこれはもういいわ。;Wow, that's amazing. I'm fine with this now.
Nijino;「だ、大丈夫よ。ありがとう。;Yes, I'm fine. Thank you.
<PLAYER_NAME>;『４月１日。;April 1st.
<PLAYER_NAME>;（こう;"""Kou"""
Nijino;「そう？それじゃ、どういうフォームだといいかな。;"""So? Then, what kind of form would be good, I wonder?"""
<PLAYER_NAME>;『俺;"""I"" or ""me"""
<PLAYER_NAME>;『俺の;"""My"""
none;文字出力のスピードを変更します;I will change the speed of the character output.
none;アイコンの位置の設定をします;"""I'll set the position of the icon."""
none;アイコンモードをＴＹＰＥ‐Ｂにしました;I switched the icon mode to TYPE-B.
none;パッド操作時の、メニュー間の（２択．３択．アイコンなど）カーソルの動かし方を設定します;"This phrase translates to:

""Sets how to move the cursor between menus (2 choices, 3 choices, icons, etc.) when using the pad."""
none;カーソルの移動速度を設定します;"The sentence translates to ""Setting the cursor movement speed."""
none;音声のモードを設定します;"""I will set the voice mode"""
Kisaragi;「あの⋯。;"""Um..."""
Kisaragi;「ハンカチが落ちてますよ。;Your handkerchief has fallen.
Kisaragi;「クスッ⋯。随分、熱心に読んでいたのですね。;Heh... You were really engrossed in your reading, weren't you?
Kisaragi;「私も本を読みだすと、すぐ熱中してしまうんですよ。;When I start reading a book, I quickly become absorbed in it too.
Kisaragi;「あつ、もう行かなきゃ。;Ah, I have to go now.
Kisaragi;「どういたしまして⋯。私、如月未緒といいます。また、今度お話しましょう。;You're welcome... My name is Kisaragi Mio. Let's talk again next time.
<PLAYER_NAME>;『如月;Kisaragi
"""あああ"" translates to ""Aaa"" in English. It's often used to express a variety of emotions in Japanese, such as frustration, realization, or even awe, depending on the context.";（明日から何をしようかな？）;"""What should I do from tomorrow?"""
<PLAYER_NAME>;そうそう、カレンダーで自分のバイオリズムが、確認できるんだつた。）;Sure, I remember that you can check your biorhythm on the calendar.
<PLAYER_NAME>;（これが、こんど創刊された情報誌か。そうそう、カレンダーで自分のバイオリズムが、確認できるんだつた。）;(This is the information magazine that was published this time. That's right, I heard you can check your biorhythm with the calendar.)
<PLAYER_NAME>;『如;"The character ""如"" can be translated from Japanese as ""like"", ""as"", or ""similar to""."
<PLAYER_NAME>;『やや、こんな所に本が落ちてるぞ。;Ah, there's a book dropped here.
<PLAYER_NAME>;（難しそうな、本だなあ。―体、誰の忘れ物だろう。）;(This looks like a difficult book. I wonder whose forgotten item this is.)
Kisaragi;「この辺りに、本が落ちていなかつたでしょうか？;"""Wasn't there a book that had fallen around here?"""
<PLAYER_NAME>;『あ、これのこと？;Ah, this thing?
Kisaragi;「そうです！良かつた、見つかつて⋯。;Yes! I'm glad, it was found...
<PLAYER_NAME>;『随分、難しい本、読んでるんだね。;You're reading quite a difficult book, aren't you?
Kisaragi;「ご、ごめんなさい⋯。すごく大事な本だつたので。私、如月未緒といいます。;I'm sorry... It was a very important book. My name is Kisaragi Mio.
Kisaragi;「<PLAYER_NAME>さん。本当に、ありがとうございました。;PLA-san. Truly, thank you very much.
<PLAYER_NAME>;『いえ、どういたしまして。今度、またお話したいな。;No, you're welcome. I'd like to talk with you again sometime.
Kisaragi;「こちらこそぜひ。あつ、もう行かなきゃ。;Certainly, I would love to as well. Oh, I gotta go now.
none;メモリーカードをチェックしています．．．．．．．．．．．．．．．．．;Checking the memory card.....................................................................
none;セーブまたはロードを選んでください;Please choose either to save or load.
<PLAYER_NAME>;（さて、昼飯だ。早く学食に行かないと⋯。）;(Now, lunch. I have to go to the cafeteria soon...)
Nijino;「お昼ご飯どうするの？;What are you going to do for lunch?
<PLAYER_NAME>;『これから、学食に行こうと思つて。;I was about to go to the cafeteria.
Nijino;「それなら、―緒にお弁当食べない？;Then - why don't you eat lunch with me?
<PLAYER_NAME>;『えつ、お弁当？;Etsu, bento?
Nijino;「この前喜んでもらえたから、つい⋯。迷惑だつた？;I was pleased with you the other day, so I just did... Did I bother you?
<PLAYER_NAME>;『い、いや、全然。虹野さんの料理なら、いつでも大歓迎だよ。;No, no, not at all. If it's Nijino-san's cooking, you're always welcome.
Nijino;「良かつた⋯。今日は天気もいいから、外で―緒に食べない？;Good... It's a nice day, so why don't we eat outside together?
<PLAYER_NAME>;『別にいいよ。じゃあ、中庭に行こうか。;I don't mind. Well, let's go to the courtyard.
Nijino;「はい、どうぞ。味の保証はしないけど⋯。;Here you go. I don't guarantee the taste, but...
none;ふほるか繁包そ兎彊します;Fuholka bred and packaged so that rabbits will not be affected
